ASpace_ID,Names,Authority_ID,Source,Name_Recon,uri
1088,Nicholas Wilder Gallery,,naf,Nicholas Wilder Gallery,http://id.loc.gov/authorities/names/no2011192534
1206,Instituto Nacional de Arqueología (Bolivia),n 50075969,library of congress name authority file,Instituto Nacional de Arqueología (Bolivia),http://id.loc.gov/authorities/names/n50075969
1223,Steven Leiber (Gallery),,naf,Steven Leiber (Gallery),http://id.loc.gov/authorities/names/nr96035772
1074,Stephen White Gallery of Photography,,library of congress name authority file,Stephen White Gallery of Photography,http://id.loc.gov/authorities/names/n89638024
1005,AC Martin Partners,,library of congress name authority file,AC Martin Partners,http://id.loc.gov/authorities/names/no2003050180
1083,Adelphoi Zangaki (Firm),,lcnaf,Adelphoi Zangaki (Firm),http://id.loc.gov/authorities/names/no2009009260
1078,Pan-Presse,,library of congress name authority file,Pan-Presse,http://id.loc.gov/authorities/names/nb2015006917
1089,"Gesellschaft für Vervielfältigende Kunst (Vienna, Austria)",,lcnaf,"Gesellschaft für Vervielfältigende Kunst (Vienna, Austria)",http://id.loc.gov/authorities/names/n82105530
1210,Deutscher Guttempler-Orden,,lcnaf,Deutscher Guttempler-Orden,http://id.loc.gov/authorities/names/n79122822
1216,Kasseler Kunstverein,,lcnaf,Kasseler Kunstverein,http://id.loc.gov/authorities/names/n83039477
1217,Sächsischer Kunstverein,,lcnaf,Sächsischer Kunstverein,http://id.loc.gov/authorities/names/no2010099823
9,Getty Grant Program,,library of congress name authority file,Getty Grant Program,http://id.loc.gov/authorities/names/nr99012522
23,Mutter Ey G.m.b.H.,,library of congress name authority file,Mutter Ey G.m.b.H.,http://id.loc.gov/authorities/names/no2004033272
24,Association Connaissance de l'histoire de l'Afrique contemporaine,,library of congress name authority file,Association Connaissance de l'histoire de l'Afrique contemporaine,http://id.loc.gov/authorities/names/no93015834
25,France. Armée. Méharistes,,library of congress name authority file,France. Armée. Méharistes,http://id.loc.gov/authorities/names/n93039597
26,France. Armée. Tirailleurs sénégalais,,library of congress name authority file,France. Armée. Tirailleurs sénégalais,http://id.loc.gov/authorities/names/n85073938
27,France. Armée. Troupes coloniales,,library of congress name authority file,France. Armée. Troupes coloniales,http://id.loc.gov/authorities/names/n87131624
29,Exposition coloniale de Marseille (1906),,library of congress name authority file,Exposition coloniale de Marseille (1906),http://id.loc.gov/authorities/names/nr95013596
31,Exposition coloniale internationale de Paris (1931),,library of congress name authority file,Exposition coloniale internationale de Paris (1931),http://id.loc.gov/authorities/names/n84187744
32,A.D.I.A.,,,A.D.I.A.,http://id.loc.gov/authorities/names/n80125215
37,Casino (Firm),,library of congress name authority file,Casino (Firm),http://id.loc.gov/authorities/names/nb2006006474
44,Combier Imprimeur Mâcon,,library of congress name authority file,Combier Imprimeur Mâcon,http://id.loc.gov/authorities/names/nb2006007709
48,Eckstein-Halpaus,,library of congress name authority file,Eckstein-Halpaus,http://id.loc.gov/authorities/names/n91076515
50,"Imagerie Pellerin (Épinal, France)",,library of congress name authority file,"Imagerie Pellerin (Épinal, France)",http://id.loc.gov/authorities/names/n85240571
55,Office algérien d'action economique et touristique,,,Office algérien d'action economique et touristique,http://id.loc.gov/authorities/names/no94021782
62,Brooklyn Museum,,library of congress name authority file,Brooklyn Museum,http://id.loc.gov/authorities/names/n79063288
64,Tennessee Valley Authority,,library of congress name authority file,Tennessee Valley Authority,http://id.loc.gov/authorities/names/n80126249
65,Nicholas Grimshaw and Partners,,library of congress name authority file,Nicholas Grimshaw and Partners,http://id.loc.gov/authorities/names/n92038111
66,"Bauhaus-Archiv, Museum für Gestaltung",,library of congress name authority file,"Bauhaus-Archiv, Museum für Gestaltung",http://id.loc.gov/authorities/names/n80129378
68,Dordogne (France),,library of congress name authority file,Dordogne (France),http://id.loc.gov/authorities/names/n50066569
69,Henry E. Huntington Library and Art Gallery,,library of congress name authority file,Henry E. Huntington Library and Art Gallery,http://id.loc.gov/authorities/names/n79049138
70,New York University. Institute of Fine Arts,,library of congress name authority file,New York University. Institute of Fine Arts,http://id.loc.gov/authorities/names/n81032832
71,Tamarind Lithography Workshop,,library of congress name authority file,Tamarind Lithography Workshop,http://id.loc.gov/authorities/names/n50067401
74,Virginia Steele Scott Gallery,,library of congress name authority file,Virginia Steele Scott Gallery,http://id.loc.gov/authorities/names/n87945353
76,Kennedy Galleries,,library of congress name authority file,Kennedy Galleries,http://id.loc.gov/authorities/names/n79058452
77,Vose Galleries of Boston,,library of congress name authority file,Vose Galleries of Boston,http://id.loc.gov/authorities/names/n85813791
78,Galerie Bonnier,,library of congress name authority file,Galerie Bonnier,http://id.loc.gov/authorities/names/n85813086
79,"Svensk-franska konstgalleriet (Stockholm, Sweden) ",,library of congress name authority file,"Svensk-franska konstgalleriet (Stockholm, Sweden) ",http://id.loc.gov/authorities/names/no93021466
81,Galerie Durand-Ruel,,library of congress name authority file,Galerie Durand-Ruel,http://id.loc.gov/authorities/names/n50058608
82,Galerie Louis Carré,,library of congress name authority file,Galerie Louis Carré,http://id.loc.gov/authorities/names/n81119781
84,Musèe Rodin,,library of congress name authority file,Musèe Rodin,http://id.loc.gov/authorities/names/n50054666
85,Arnoldo Mondadori editore,,library of congress name authority file,Arnoldo Mondadori editore,http://id.loc.gov/authorities/names/n50005113
86,Bompiani (Firm),,library of congress name authority file,Bompiani (Firm),http://id.loc.gov/authorities/names/n81084621
88,Beaulieu Abbey,,library of congress name authority file,Beaulieu Abbey,http://id.loc.gov/authorities/names/n50077068
91,"St. Mary's Hospital (Chichester, England)",,,"St. Mary's Hospital (Chichester, England)",http://id.loc.gov/authorities/names/nb2017022504
94,United States. Army ,,library of congress name authority file,United States. Army ,http://id.loc.gov/authorities/names/n79063202
95,Musée des arts décoratifs (France),,library of congress name authority file,Musée des arts décoratifs (France),http://id.loc.gov/authorities/names/n80046802
96,"Union centrale des arts décoratifs (Paris, France)",,library of congress name authority file,"Union centrale des arts décoratifs (Paris, France)",http://id.loc.gov/authorities/names/n50056281
97,"Exposition universelle de 1889 (Paris, France)",,library of congress name authority file,"Exposition universelle de 1889 (Paris, France)",http://id.loc.gov/authorities/names/n83172132
99,International Congresses for Modern Architecture. Belgian Section ,,library of congress name authority file,International Congresses for Modern Architecture. Belgian Section ,http://id.loc.gov/authorities/names/nr2002021394
101,Team 10,,library of congress name authority file,Team 10,http://id.loc.gov/authorities/names/n91090111
112,8 (Group of architects),,library of congress name authority file,8 (Group of architects),http://id.loc.gov/authorities/names/nr98003293
113,ASCORAL,,library of congress name authority file,ASCORAL,http://id.loc.gov/authorities/names/nr2002021314
114,British Council (Belgium),,library of congress name authority file,British Council (Belgium),http://id.loc.gov/authorities/names/nb2006022989
116,Modern Architectural Research Group,,library of congress name authority file,Modern Architectural Research Group,http://id.loc.gov/authorities/names/no88001581
117,Opbouw (Group of architects),,library of congress name authority file,Opbouw (Group of architects),http://id.loc.gov/authorities/names/nr98003302
118,Mayor Gallery,,library of congress name authority file,Mayor Gallery,http://id.loc.gov/authorities/names/n82109882
119,Museo del Prado,,library of congress name authority file,Museo del Prado,http://id.loc.gov/authorities/names/n79064568
120,Tate Gallery,,library of congress name authority file,Tate Gallery,http://id.loc.gov/authorities/names/n80046785
121,William and Noma Copley Foundation,,library of congress name authority file,William and Noma Copley Foundation,http://id.loc.gov/authorities/names/no97002407
127,Galerie Georges Petit,,library of congress name authority file,Galerie Georges Petit,http://id.loc.gov/authorities/names/n81060022
131,"Society of Dilettanti (London, England)",,library of congress name authority file,"Society of Dilettanti (London, England)",http://id.loc.gov/authorities/names/no2003029573
133,Durlacher Bros.,,library of congress name authority file,Durlacher Bros.,http://id.loc.gov/authorities/names/nr98039061
134,Duveen Brothers,,library of congress name authority file,Duveen Brothers,http://id.loc.gov/authorities/names/nr97027536
135,"F. Kleinberger Galleries (New York, N.Y.) ",,library of congress name authority file,"F. Kleinberger Galleries (New York, N.Y.) ",http://id.loc.gov/authorities/names/n2006165845
136,"Wildenstein and Company (New York, N.Y.)",,library of congress name authority file,"Wildenstein and Company (New York, N.Y.)",http://id.loc.gov/authorities/names/n50052707
137,Thos. Agnew and Sons Ltd.,,library of congress name authority file,Thos. Agnew and Sons Ltd.,http://id.loc.gov/authorities/names/n78013823
141,Deutscher Kunstverlag,,library of congress name authority file,Deutscher Kunstverlag,http://id.loc.gov/authorities/names/n81123410
142,Deutscher Werkbund,,library of congress name authority file,Deutscher Werkbund,http://id.loc.gov/authorities/names/n50065876
144,"Nicholas Roerich Museum (New York, N.Y.)",,library of congress name authority file,"Nicholas Roerich Museum (New York, N.Y.)",http://id.loc.gov/authorities/names/n87143306
149,Eisenman Architects,,library of congress name authority file,Eisenman Architects,http://id.loc.gov/authorities/names/n91123614
150,British Museum,,library of congress name authority file,British Museum,http://id.loc.gov/authorities/names/n79107735
151,Ayasofya Müzesi,,library of congress name authority file,Ayasofya Müzesi,http://id.loc.gov/authorities/names/n79058868
152,Harvard University. Graduate School of Design,,library of congress name authority file,Harvard University. Graduate School of Design,http://id.loc.gov/authorities/names/n79107884
153,Washington Cathedral,,library of congress name authority file,Washington Cathedral,http://id.loc.gov/authorities/names/n79058423
155,Banyan Press,,library of congress name authority file,Banyan Press,http://id.loc.gov/authorities/names/n88045032
156,Bennington College,,library of congress name authority file,Bennington College,http://id.loc.gov/authorities/names/n80103752
157,Betty Parsons Gallery,,library of congress name authority file,Betty Parsons Gallery,http://id.loc.gov/authorities/names/n88611780
158,Gotham Book Mart,,library of congress name authority file,Gotham Book Mart,http://id.loc.gov/authorities/names/n50071766
159,Grolier Club,,library of congress name authority file,Grolier Club,http://id.loc.gov/authorities/names/n80085246
160,Jargon Society,,library of congress name authority file,Jargon Society,http://id.loc.gov/authorities/names/n83190457
161,New York Public Library,,library of congress name authority file,New York Public Library,http://id.loc.gov/authorities/names/n79033065
162,Elmer Holmes Bobst Library,,library of congress name authority file,Elmer Holmes Bobst Library,http://id.loc.gov/authorities/names/n86863821
163,Stinehour Press,,library of congress name authority file,Stinehour Press,http://id.loc.gov/authorities/names/n85349186
164,"Living Theatre (New York, N.Y.)",,library of congress name authority file,"Living Theatre (New York, N.Y.)",http://id.loc.gov/authorities/names/n50051175
166,Edizioni futuriste di Poesia,,library of congress name authority file,Edizioni futuriste di Poesia,http://id.loc.gov/authorities/names/no2009206122
169,Abdullah frères,,library of congress name authority file,Abdullah frères,http://id.loc.gov/authorities/names/no98113334
170,Apollon (Firm),,library of congress name authority file,Apollon (Firm),http://id.loc.gov/authorities/names/no2010101417
172,Mandrágora (Group),,library of congress name authority file,Mandrágora (Group),http://id.loc.gov/authorities/names/n95097127
173,Phaidon Press,,library of congress name authority file,Phaidon Press,http://id.loc.gov/authorities/names/n88072135
174,Barnard College,,library of congress name authority file,Barnard College,http://id.loc.gov/authorities/names/n79065105
175,Carnegie Museum of Art,,library of congress name authority file,Carnegie Museum of Art,http://id.loc.gov/authorities/names/n88065070
178,"Columbia College (New York, N.Y.)",,library of congress name authority file,"Columbia College (New York, N.Y.)",http://id.loc.gov/authorities/names/n84136055
179,Dorotheum (Firm),,library of congress name authority file,Dorotheum (Firm),http://id.loc.gov/authorities/names/n83214362
180,"Galerie Meissner (Zurich, Switzerland)",,library of congress name authority file,"Galerie Meissner (Zurich, Switzerland)",http://id.loc.gov/authorities/names/n85287551
182,Heim Gallery,,library of congress name authority file,Heim Gallery,http://id.loc.gov/authorities/names/n50065712
183,Historians of Netherlandish Art,,library of congress name authority file,Historians of Netherlandish Art,http://id.loc.gov/authorities/names/nr92006392
185,National Gallery of Art (U.S.),,library of congress name authority file,National Gallery of Art (U.S.),http://id.loc.gov/authorities/names/n79054426
186,Newhouse Galleries,,library of congress name authority file,Newhouse Galleries,http://id.loc.gov/authorities/names/n86812407
187,"Norton Simon, Inc. Foundation ",,library of congress name authority file,"Norton Simon, Inc. Foundation ",http://id.loc.gov/authorities/names/no2011010694
188,Pierpont Morgan Library,,library of congress name authority file,Pierpont Morgan Library,http://id.loc.gov/authorities/names/n78095799
189,Ponce Art Museum,,library of congress name authority file,Ponce Art Museum,http://id.loc.gov/authorities/names/n85007594
190,Princeton University Press,,library of congress name authority file,Princeton University Press,http://id.loc.gov/authorities/names/n80137807
193,Sotheby's (Firm),,library of congress name authority file,Sotheby's (Firm),http://id.loc.gov/authorities/names/n84160976
194,Sterling and Francine Clark Art Institute,,library of congress name authority file,Sterling and Francine Clark Art Institute,http://id.loc.gov/authorities/names/n78096939
195,Williams College,,library of congress name authority file,Williams College,http://id.loc.gov/authorities/names/n79056597
204,Something Else Press,,library of congress name authority file,Something Else Press,http://id.loc.gov/authorities/names/n83024327
205,Unpublished Editions (Firm) ,,library of congress name authority file,Unpublished Editions (Firm) ,http://id.loc.gov/authorities/names/no2004000177
206,Field Museum of Natural History,,library of congress name authority file,Field Museum of Natural History,http://id.loc.gov/authorities/names/n79066352
207,New York World's Fair (1939-1940),,library of congress name authority file,New York World's Fair (1939-1940),http://id.loc.gov/authorities/names/n82144169
209,Armand Hammer Museum of Art and Cultural Center,,library of congress name authority file,Armand Hammer Museum of Art and Cultural Center,http://id.loc.gov/authorities/names/nr91027284
210,Art Institute of Chicago,,library of congress name authority file,Art Institute of Chicago,http://id.loc.gov/authorities/names/n78096940
211,Fort Worth Art Center-Museum,,library of congress name authority file,Fort Worth Art Center-Museum,http://id.loc.gov/authorities/names/n80033902
213,Los Angeles County Museum of Art,,library of congress name authority file,Los Angeles County Museum of Art,http://id.loc.gov/authorities/names/n78097041
214,San Francisco Museum of Modern Art,,library of congress name authority file,San Francisco Museum of Modern Art,http://id.loc.gov/authorities/names/n79139490
216,"University of California, Los Angeles. Oral History Program",,library of congress name authority file,"University of California, Los Angeles. Oral History Program",http://id.loc.gov/authorities/names/n50051003
218,Miami International Airport,,library of congress name authority file,Miami International Airport,http://id.loc.gov/authorities/names/n50075033
222,"Real Museo borbonico (Naples, Italy)",,library of congress name authority file,"Real Museo borbonico (Naples, Italy)",http://id.loc.gov/authorities/names/no90024918
225,"Comédie-Italienne (Paris, France)",,library of congress name authority file,"Comédie-Italienne (Paris, France)",http://id.loc.gov/authorities/names/n89642527
226,Teatro della Pergola,,library of congress name authority file,Teatro della Pergola,http://id.loc.gov/authorities/names/n2002074515
227,"Teatro Farnese (Parma, Italy)",,library of congress name authority file,"Teatro Farnese (Parma, Italy)",http://id.loc.gov/authorities/names/n88020905
229,"Teatro regio (Parma, Italy)",,library of congress name authority file,"Teatro regio (Parma, Italy)",http://id.loc.gov/authorities/names/n81141864
230,"Théâtre-Italien (Paris, France)",,library of congress name authority file,"Théâtre-Italien (Paris, France)",http://id.loc.gov/authorities/names/n50079464
232,Wiener Kunstgewerbe-Schule,,library of congress name authority file,Wiener Kunstgewerbe-Schule,http://id.loc.gov/authorities/names/no2006001125
234,Wiener Werkstätte,,library of congress name authority file,Wiener Werkstätte,http://id.loc.gov/authorities/names/n79120906
242,Brücke (Artists' group),,library of congress name authority file,Brücke (Artists' group),http://id.loc.gov/authorities/names/n80128691
243,Neue Künstlervereinigung München,,library of congress name authority file,Neue Künstlervereinigung München,http://id.loc.gov/authorities/names/n84111899
245,Rossiĭskai︠a︡ akademii︠a︡ khudozhestvennykh nauk,,library of congress name authority file,Rossiĭskai︠a︡ akademii︠a︡ khudozhestvennykh nauk,http://id.loc.gov/authorities/names/n87856837
246,Germanisches Nationalmuseum Nürnberg,,library of congress name authority file,Germanisches Nationalmuseum Nürnberg,http://id.loc.gov/authorities/names/n81047063
247,Piper Verlag,,library of congress name authority file,Piper Verlag,http://id.loc.gov/authorities/names/n94078357
249,Sonderbund Westdeutscher Kunstfreunde und Künstler,,library of congress name authority file,Sonderbund Westdeutscher Kunstfreunde und Künstler,http://id.loc.gov/authorities/names/n82256822
252,Kasmin Limited,,,Kasmin Limited,http://id.loc.gov/authorities/names/no2012098570
253,"Bibliotheca Hertziana, Max-Planck-Institut",,library of congress name authority file,"Bibliotheca Hertziana, Max-Planck-Institut",http://id.loc.gov/authorities/names/n84012987
254,Cleveland Museum of Art,,library of congress name authority file,Cleveland Museum of Art,http://id.loc.gov/authorities/names/n78087650
255,"Chiesa della Martorana (Palermo, Italy)",,library of congress name authority file,"Chiesa della Martorana (Palermo, Italy)",http://id.loc.gov/authorities/names/n88232772
256,Duomo di Monreale,,library of congress name authority file,Duomo di Monreale,http://id.loc.gov/authorities/names/n86002542
259,Dumbarton Oaks,,library of congress name authority file,Dumbarton Oaks,http://id.loc.gov/authorities/names/n80061150
261,Centro de Artes Visuales (Instituto Torcuato Di Tella),,library of congress name authority file,Centro de Artes Visuales (Instituto Torcuato Di Tella),http://id.loc.gov/authorities/names/n50062286
262,Bienal Internacional de São Paulo,,library of congress name authority file,Bienal Internacional de São Paulo,http://id.loc.gov/authorities/names/n81126531
263,Jüdisches Museum im Berlin Museum,,library of congress name authority file,Jüdisches Museum im Berlin Museum,http://id.loc.gov/authorities/names/n94053898
264,VKhUTEMAS (Art school) ,,library of congress name authority file,VKhUTEMAS (Art school) ,http://id.loc.gov/authorities/names/n91040072
265,Bantam Books (Firm),,library of congress name authority file,Bantam Books (Firm),http://id.loc.gov/authorities/names/n83120388
266,Bundesarchiv (Germany),,library of congress name authority file,Bundesarchiv (Germany),http://id.loc.gov/authorities/names/n92025526
267,Deutsche Gesellschaft für Photographie,,library of congress name authority file,Deutsche Gesellschaft für Photographie,http://id.loc.gov/authorities/names/n84078523
269,Imperial War Museum (Great Britain),,library of congress name authority file,Imperial War Museum (Great Britain),http://id.loc.gov/authorities/names/n80044915
270,Landesbildstelle Berlin,,library of congress name authority file,Landesbildstelle Berlin,http://id.loc.gov/authorities/names/n81035971
271,Macmillan Publishing Company,,library of congress name authority file,Macmillan Publishing Company,http://id.loc.gov/authorities/names/n80079865
272,"Museum of Modern Art (New York, N.Y.)",,library of congress name authority file,"Museum of Modern Art (New York, N.Y.)",http://id.loc.gov/authorities/names/n79021281
273,"Simon and Schuster, inc.",,library of congress name authority file,"Simon and Schuster, inc.",http://id.loc.gov/authorities/names/n50069568
274,Staatsbibliothek zu Berlin—Preussischer Kulturbesitz,,library of congress name authority file,Staatsbibliothek zu Berlin—Preussischer Kulturbesitz,http://id.loc.gov/authorities/names/n93088802
275,Süddeutscher Verlag ,,library of congress name authority file,Süddeutscher Verlag ,http://id.loc.gov/authorities/names/no2001054909
276,Time-Life Books ,,library of congress name authority file,Time-Life Books ,http://id.loc.gov/authorities/names/n78095365
277,Washington National Records Center (U.S.),,library of congress name authority file,Washington National Records Center (U.S.),http://id.loc.gov/authorities/names/n87926496
278,"Galerie Paul Maenz (Cologne, Germany)",,library of congress name authority file,"Galerie Paul Maenz (Cologne, Germany)",http://id.loc.gov/authorities/names/n86119731
280,Endart (Group of artists) ,,library of congress name authority file,Endart (Group of artists) ,http://id.loc.gov/authorities/names/n97004505
281,Editions Sansot,,library of congress name authority file,Editions Sansot,http://id.loc.gov/authorities/names/no98073083
287,Liebig's Extract of Meat Company,,library of congress name authority file,Liebig's Extract of Meat Company,http://id.loc.gov/authorities/names/n87890560
291,Friends of Photography,,library of congress name authority file,Friends of Photography,http://id.loc.gov/authorities/names/n79084321
292,George Eastman House,,library of congress name authority file,George Eastman House,http://id.loc.gov/authorities/names/n79086438
293,Salzburg Seminar,,library of congress name authority file,Salzburg Seminar,http://id.loc.gov/authorities/names/n94056244
295,University of New Mexico,,library of congress name authority file,University of New Mexico,http://id.loc.gov/authorities/names/n79021418
296,American Oriental Society,,library of congress name authority file,American Oriental Society,http://id.loc.gov/authorities/names/n50064158
297,"Alfred A. Knopf, Inc.",,library of congress name authority file,"Alfred A. Knopf, Inc.",http://id.loc.gov/authorities/names/n50062227
298,Cornell University Press,,,Cornell University Press,http://id.loc.gov/authorities/names/no2013063402
299,Pantheon Books,,library of congress name authority file,Pantheon Books,http://id.loc.gov/authorities/names/n83139886
300,Sansoni (Firm),,library of congress name authority file,Sansoni (Firm),http://id.loc.gov/authorities/names/n81041917
301,University of California Press,,library of congress name authority file,University of California Press,http://id.loc.gov/authorities/names/n82118305
302,Tiffany and Company,,library of congress name authority file,Tiffany and Company,http://id.loc.gov/authorities/names/n80118439
303,Architectural Association (Great Britain),,library of congress name authority file,Architectural Association (Great Britain),http://id.loc.gov/authorities/names/n80089971
304,Architectural guides for travelers,,local,Architectural guides for travelers,http://id.loc.gov/authorities/names/n88540479
305,Courtauld Institute of Art,,library of congress name authority file,Courtauld Institute of Art,http://id.loc.gov/authorities/names/n50045627
306,"Gemäldegalerie (Dresden, Germany)",,library of congress name authority file,"Gemäldegalerie (Dresden, Germany)",http://id.loc.gov/authorities/names/n50065755
307,Great Britain. Royal Fine Art Commission,,library of congress name authority file,Great Britain. Royal Fine Art Commission,http://id.loc.gov/authorities/names/nr88006908
308,Jerusalem Committee,,library of congress name authority file,Jerusalem Committee,http://id.loc.gov/authorities/names/n84200633
309,Omega Workshops,,library of congress name authority file,Omega Workshops,http://id.loc.gov/authorities/names/n82131599
310,Penguin (Firm),,library of congress name authority file,Penguin (Firm),http://id.loc.gov/authorities/names/n50010791
311,University of Cambridge,,library of congress name authority file,University of Cambridge,http://id.loc.gov/authorities/names/n79018862
312,University of London,,library of congress name authority file,University of London,http://id.loc.gov/authorities/names/n79074298
313,University of Oxford,,library of congress name authority file,University of Oxford,http://id.loc.gov/authorities/names/n79095521
315,Peggy Guggenheim Collection,,library of congress name authority file,Peggy Guggenheim Collection,http://id.loc.gov/authorities/names/n83192968
316,C.H. Boehringer Sohn,,library of congress name authority file,C.H. Boehringer Sohn,http://id.loc.gov/authorities/names/n82022680
317,Deutsche Spiegelglas A.G.,,library of congress name authority file,Deutsche Spiegelglas A.G.,http://id.loc.gov/authorities/names/n82166700
319,Gesellschaft Deutscher Lichtbildner,,library of congress name authority file,Gesellschaft Deutscher Lichtbildner,http://id.loc.gov/authorities/names/n82255670
321,Museum Folkwang Essen,,library of congress name authority file,Museum Folkwang Essen,http://id.loc.gov/authorities/names/n50065358
322,Verlag Herder,,library of congress name authority file,Verlag Herder,http://id.loc.gov/authorities/names/n80152854
324,Deutsche Buch-Gemeinschaft,,library of congress name authority file,Deutsche Buch-Gemeinschaft,http://id.loc.gov/authorities/names/n95108793
325,Deutscher Werkbund Berlin,,library of congress name authority file,Deutscher Werkbund Berlin,http://id.loc.gov/authorities/names/n84238626
328,"Fagus-Werk (Alfeld, Lower Saxony, Germany)",,library of congress name authority file,"Fagus-Werk (Alfeld, Lower Saxony, Germany)",http://id.loc.gov/authorities/names/n98112857
329,Focal Press,,,Focal Press,http://id.loc.gov/authorities/names/no2011137851
331,"Krupp Stahl AG. Werk (Rheinhausen, Duisburg, Germany)",,library of congress name authority file,"Krupp Stahl AG. Werk (Rheinhausen, Duisburg, Germany)",http://id.loc.gov/authorities/names/n90663568
335,Photographische Gesellschaft in Wien,,library of congress name authority file,Photographische Gesellschaft in Wien,http://id.loc.gov/authorities/names/nr91026294
338,Staatliche Kunstakademie Düsseldorf,,library of congress name authority file,Staatliche Kunstakademie Düsseldorf,http://id.loc.gov/authorities/names/n82060134
339,Sydslesvigs danske kunstforening,,library of congress name authority file,Sydslesvigs danske kunstforening,http://id.loc.gov/authorities/names/n82134696
345,United States. Works Progress Administration,,library of congress name authority file,United States. Works Progress Administration,http://id.loc.gov/authorities/names/n81081809
346,United States. Office of War Information ,,library of congress name authority file,United States. Office of War Information ,http://id.loc.gov/authorities/names/n50062845
347,New York School of Art,,library of congress name authority file,New York School of Art,http://id.loc.gov/authorities/names/n00020504
352,"Schaeffer Galleries (New York, N.Y.)",,library of congress name authority file,"Schaeffer Galleries (New York, N.Y.)",http://id.loc.gov/authorities/names/nr2005014697
354,Teikoku Hoteru,,library of congress name authority file,Teikoku Hoteru,http://id.loc.gov/authorities/names/n82024268
356,Taliesin Fellowship,,library of congress name authority file,Taliesin Fellowship,http://id.loc.gov/authorities/names/n91031946
357,"Unitarian Universalist Church in Oak Park (Oak Park, Ill.) ",,library of congress name authority file,"Unitarian Universalist Church in Oak Park (Oak Park, Ill.) ",http://id.loc.gov/authorities/names/no2010137511
359,"Annunciation Greek Orthodox Church (Milwaukee, Wis.)",,library of congress name authority file,"Annunciation Greek Orthodox Church (Milwaukee, Wis.)",http://id.loc.gov/authorities/names/n85373363
361,"Wayfarers Chapel (Rancho Palos Verdes, Calif.) ",,library of congress name authority file,"Wayfarers Chapel (Rancho Palos Verdes, Calif.) ",http://id.loc.gov/authorities/names/n96056944
362,Frank Lloyd Wright Foundation,,library of congress name authority file,Frank Lloyd Wright Foundation,http://id.loc.gov/authorities/names/n50069788
363,"Sears, Roebuck and Company",,library of congress name authority file,"Sears, Roebuck and Company",http://id.loc.gov/authorities/names/n79129205
366,"Case Study House No. 9 (Los Angeles, Calif.)",,library of congress name authority file,"Case Study House No. 9 (Los Angeles, Calif.)",http://id.loc.gov/authorities/names/n98030235
392,Williams and Williams,,local,Williams and Williams,http://id.loc.gov/authorities/names/no2008160670
398,"Société des artistes indépendants (Paris, France)",,library of congress name authority file,"Société des artistes indépendants (Paris, France)",http://id.loc.gov/authorities/names/n81028938
401,Internationale situationniste,,library of congress name authority file,Internationale situationniste,http://id.loc.gov/authorities/names/n82163080
402,Soviet Union—Red Army,,ingest,Soviet Union—Red Army,http://id.loc.gov/authorities/names/n80126258
406,Committee to Defend America by Aiding the Allies,,library of congress name authority file,Committee to Defend America by Aiding the Allies,http://id.loc.gov/authorities/names/n93023784
408,Frick Collection,,library of congress name authority file,Frick Collection,http://id.loc.gov/authorities/names/n80044956
409,Barnes Foundation,,library of congress name authority file,Barnes Foundation,http://id.loc.gov/authorities/names/n81124896
410,M.H. De Young Memorial Museum ,,library of congress name authority file,M.H. De Young Memorial Museum ,http://id.loc.gov/authorities/names/n80051192
413,"Barbizon House (London, England)",,library of congress name authority file,"Barbizon House (London, England)",http://id.loc.gov/authorities/names/no2001066922
414,"French Gallery (London, England)",,library of congress name authority file,"French Gallery (London, England)",http://id.loc.gov/authorities/names/n83013587
415,Goupil Gallery,,library of congress name authority file,Goupil Gallery,http://id.loc.gov/authorities/names/n79024603
420,Cine Club del Uruguay,,library of congress name authority file,Cine Club del Uruguay,http://id.loc.gov/authorities/names/nr96006970
421,John Simon Guggenheim Memorial Foundation,,library of congress name authority file,John Simon Guggenheim Memorial Foundation,http://id.loc.gov/authorities/names/n50082525
422,Taller Torres-García,,library of congress name authority file,Taller Torres-García,http://id.loc.gov/authorities/names/n91052279
425,Gebr. Fretz (Firm),,library of congress name authority file,Gebr. Fretz (Firm),http://id.loc.gov/authorities/names/nr96027352
426,"New Museum of Contemporary Art (New York, N.Y.)",,library of congress name authority file,"New Museum of Contemporary Art (New York, N.Y.)",http://id.loc.gov/authorities/names/n84148196
427,Whitney Museum of American Art,,library of congress name authority file,Whitney Museum of American Art,http://id.loc.gov/authorities/names/n79032811
428,Merce Cunningham Dance Company,,library of congress name authority file,Merce Cunningham Dance Company,http://id.loc.gov/authorities/names/nr96001835
429,Museo Nacional de México,,library of congress name authority file,Museo Nacional de México,http://id.loc.gov/authorities/names/no88000455
430,Vienna International Exhibition (1873),,library of congress name authority file,Vienna International Exhibition (1873),http://id.loc.gov/authorities/names/n85085328
431,Vizetelly and Company (1850-1855),,library of congress name authority file,Vizetelly and Company (1850-1855),http://id.loc.gov/authorities/names/nr00000797
435,Pagnerre (Firm) ,,library of congress name authority file,Pagnerre (Firm) ,http://id.loc.gov/authorities/names/no2008082820
436,VKhUTEIN (Art School) ,,library of congress name authority file,VKhUTEIN (Art School) ,http://id.loc.gov/authorities/names/n97023135
437,International Congress for Modern Architecture,,,International Congress for Modern Architecture,http://id.loc.gov/authorities/names/n79089248
442,Alfred Schmela Galerie,,library of congress name authority file,Alfred Schmela Galerie,http://id.loc.gov/authorities/names/n97037588
443,Galleria dell'Ariete,,library of congress name authority file,Galleria dell'Ariete,http://id.loc.gov/authorities/names/nr99020738
451,Harrison Price Company,,library of congress name authority file,Harrison Price Company,http://id.loc.gov/authorities/names/n82206404
452,"Texaco, inc.",,library of congress name authority file,"Texaco, inc.",http://id.loc.gov/authorities/names/n79032259
453,Pennzoil Company,,library of congress name authority file,Pennzoil Company,http://id.loc.gov/authorities/names/n79094679
454,Skidmore College,,library of congress name authority file,Skidmore College,http://id.loc.gov/authorities/names/n81063529
455,Hyde Collection Art Museum,,library of congress name authority file,Hyde Collection Art Museum,http://id.loc.gov/authorities/names/nr2001031831
463,University of Southern California,,library of congress name authority file,University of Southern California,http://id.loc.gov/authorities/names/n79006531
467,Denver Art Museum,,library of congress name authority file,Denver Art Museum,http://id.loc.gov/authorities/names/n79055441
481,Museum Educational Site Licensing Project,,library of congress name authority file,Museum Educational Site Licensing Project,http://id.loc.gov/authorities/names/n98002258
482,Andrew W. Mellon Foundation,,library of congress name authority file,Andrew W. Mellon Foundation,http://id.loc.gov/authorities/names/n50054057
483,Library of Congress,,library of congress name authority file,Library of Congress,http://id.loc.gov/authorities/names/n78089035
484,"University of California, Los Angeles. Fowler Museum of Cultural History",,library of congress name authority file,"University of California, Los Angeles. Fowler Museum of Cultural History",http://id.loc.gov/authorities/names/n91079069
485,MUSE Film and Television,,library of congress name authority file,MUSE Film and Television,http://id.loc.gov/authorities/names/nr94042756
486,Harvard University. Art Museums,,library of congress name authority file,Harvard University. Art Museums,http://id.loc.gov/authorities/names/n82241898
487,"Museum of Fine Arts, Houston",,library of congress name authority file,"Museum of Fine Arts, Houston",http://id.loc.gov/authorities/names/n80120520
488,National Museum of American Art (U.S.),,library of congress name authority file,National Museum of American Art (U.S.),http://id.loc.gov/authorities/names/n81062959
489,"American University (Washington, D.C.)",,library of congress name authority file,"American University (Washington, D.C.)",http://id.loc.gov/authorities/names/n79043476
491,Cornell University,,library of congress name authority file,Cornell University,http://id.loc.gov/authorities/names/n79021621
492,University of Illinois at Urbana-Champaign,,library of congress name authority file,University of Illinois at Urbana-Champaign,http://id.loc.gov/authorities/names/n79049103
493,University of Maryland at College Park,,library of congress name authority file,University of Maryland at College Park,http://id.loc.gov/authorities/names/no89012321
494,University of Michigan,,library of congress name authority file,University of Michigan,http://id.loc.gov/authorities/names/n79021846
495,University of Virginia,,library of congress name authority file,University of Virginia,http://id.loc.gov/authorities/names/n79053979
498,Gruen Associates,,library of congress name authority file,Gruen Associates,http://id.loc.gov/authorities/names/n80145270
503,Maki and Associates,,library of congress name authority file,Maki and Associates,http://id.loc.gov/authorities/names/nr97036942
505,Venturi Scott Brown and Associates,,library of congress name authority file,Venturi Scott Brown and Associates,http://id.loc.gov/authorities/names/nr92030585
506,Brown University. . Institute for Research in Information and Scholarship,,library of congress name authority file,Brown University. . Institute for Research in Information and Scholarship,http://id.loc.gov/authorities/names/nr88011961
513,J. Paul Getty Trust. Public Affairs Department,,library of congress name authority file,J. Paul Getty Trust. Public Affairs Department,http://id.loc.gov/authorities/names/no99013933
520,Long Beach Museum of Art,,library of congress name authority file,Long Beach Museum of Art,http://id.loc.gov/authorities/names/n50044095
521,Einsatzstab Reichsleiter Rosenberg für die Besetzten Gebiete,,library of congress name authority file,Einsatzstab Reichsleiter Rosenberg für die Besetzten Gebiete,http://id.loc.gov/authorities/names/n95112083
523,Kunsthaus Lempertz,,library of congress name authority file,Kunsthaus Lempertz,http://id.loc.gov/authorities/names/n82058500
524,Stuttgarter Kunstkabinett,,library of congress name authority file,Stuttgarter Kunstkabinett,http://id.loc.gov/authorities/names/nr90011094
525,Verlag Das Beste GmbH,,library of congress name authority file,Verlag Das Beste GmbH,http://id.loc.gov/authorities/names/n50074892
526,Ernst Barlach Gesellschaft,,library of congress name authority file,Ernst Barlach Gesellschaft,http://id.loc.gov/authorities/names/n82203853
529,Galerie Fischer,,library of congress name authority file,Galerie Fischer,http://id.loc.gov/authorities/names/n83227232
530,"Woman's Building (Los Angeles, Calif.)",,library of congress name authority file,"Woman's Building (Los Angeles, Calif.)",http://id.loc.gov/authorities/names/n84184746
534,Svenska institutet i Athen,,library of congress name authority file,Svenska institutet i Athen,http://id.loc.gov/authorities/names/n50079773
548,Guerrilla Girls (Group of artists),,library of congress name authority file,Guerrilla Girls (Group of artists),http://id.loc.gov/authorities/names/no94020236
549,Studio International (Firm),,library of congress name authority file,Studio International (Firm),http://id.loc.gov/authorities/names/no2008030361
551,Mouvement lettriste,,library of congress name authority file,Mouvement lettriste,http://id.loc.gov/authorities/names/no2009000056
552,Kunstarchiv Arntz,,library of congress name authority file,Kunstarchiv Arntz,http://id.loc.gov/authorities/names/n81046530
554,Getty Art History Information Program . Art and Architecture Thesaurus,,library of congress name authority file,Getty Art History Information Program . Art and Architecture Thesaurus,http://id.loc.gov/authorities/names/nr96029598
555,Répertoire international de la littérature de l’art,,library of congress name authority file,Répertoire international de la littérature de l’art,http://id.loc.gov/authorities/names/n89649170
556,Architectural Drawings Advisory Group,,library of congress name authority file,Architectural Drawings Advisory Group,http://id.loc.gov/authorities/names/n94023685
557,Provenance Index of the Getty Art History Information Program,,library of congress name authority file,Provenance Index of the Getty Art History Information Program,http://id.loc.gov/authorities/names/n93024033
558,Getty Provenance Index,,library of congress name authority file,Getty Provenance Index,http://id.loc.gov/authorities/names/nr00005524
559,Census of Antique Works of Art and Architecture Known in the Renaissance (Project),,library of congress name authority file,Census of Antique Works of Art and Architecture Known in the Renaissance (Project),http://id.loc.gov/authorities/names/nr2001038001
568,Jan Baum Gallery,,library of congress name authority file,Jan Baum Gallery,http://id.loc.gov/authorities/names/no2007119576
569,Jan Baum-Iris Silverman Gallery,,library of congress name authority file,Jan Baum-Iris Silverman Gallery,http://id.loc.gov/authorities/names/n87834367
573,Getty Information Institute. Vocabulary Program,,library of congress name authority file,Getty Information Institute. Vocabulary Program,http://id.loc.gov/authorities/names/nr98003858
582,SubGenius Foundation,,library of congress name authority file,SubGenius Foundation,http://id.loc.gov/authorities/names/n83057336
589,Getty Art History Information Program. Vocabulary Coordination Group,,library of congress name authority file,Getty Art History Information Program. Vocabulary Coordination Group,http://id.loc.gov/authorities/names/nr98011381
590,"Bush House (London, England)",,,"Bush House (London, England)",http://id.loc.gov/authorities/names/no2016004082
591,Epinal American Cemetery (France),,,Epinal American Cemetery (France),http://id.loc.gov/authorities/names/no2013033065
597,Negretti and Zambra,,library of congress name authority file,Negretti and Zambra,http://id.loc.gov/authorities/names/nr88002242
599,"Smith, Beck, and Beck",,library of congress name authority file,"Smith, Beck, and Beck",http://id.loc.gov/authorities/names/n90720426
601,California Institute of the Arts,,library of congress name authority file,California Institute of the Arts,http://id.loc.gov/authorities/names/n50058861
603,Ghémar Frères,,library of congress name authority file,Ghémar Frères,http://id.loc.gov/authorities/names/no2007070950
610,Wild,,,Wild,http://id.loc.gov/authorities/names/no2015070566
613,Museo Vostell de Malpartida de Cáceres,,library of congress name authority file,Museo Vostell de Malpartida de Cáceres,http://id.loc.gov/authorities/names/nr91037882
625,"J. Laurent y Cia (Madrid, Spain)",,library of congress name authority file,"J. Laurent y Cia (Madrid, Spain)",http://id.loc.gov/authorities/names/no2001033606
630,Detroit Publishing Co.,,,Detroit Publishing Co.,http://id.loc.gov/authorities/names/n88031098
632,Reale Fotografia Giacomelli,,,Reale Fotografia Giacomelli,http://id.loc.gov/authorities/names/n99006510
634,Libreria Spithöver,,library of congress name authority file,Libreria Spithöver,http://id.loc.gov/authorities/names/no2008138700
638,High Performance,,local,High Performance,http://id.loc.gov/authorities/names/no99076917
640,American Academy in Rome,,library of congress name authority file,American Academy in Rome,http://id.loc.gov/authorities/names/n79032986
655,Museo nazionale di Napoli,,library of congress name authority file,Museo nazionale di Napoli,http://id.loc.gov/authorities/names/n80044961
656,Ethnikon Archaiologikon Mouseion (Greece),,library of congress name authority file,Ethnikon Archaiologikon Mouseion (Greece),http://id.loc.gov/authorities/names/n50073408
657,Galleria degli Uffizi,,library of congress name authority file,Galleria degli Uffizi,http://id.loc.gov/authorities/names/n79007196
658,Mouseio Akropolēs,,library of congress name authority file,Mouseio Akropolēs,http://id.loc.gov/authorities/names/n88275239
663,Kunsthandel P. de Boer,,library of congress name authority file,Kunsthandel P. de Boer,http://id.loc.gov/authorities/names/n88644139
666,American School of Classical Studies at Athens,,library of congress name authority file,American School of Classical Studies at Athens,http://id.loc.gov/authorities/names/n79058461
667,Bildarchiv Foto Marburg,,library of congress name authority file,Bildarchiv Foto Marburg,http://id.loc.gov/authorities/names/n86830763
669,"University of California, Los Angeles. Department of Classics",,library of congress name authority file,"University of California, Los Angeles. Department of Classics",http://id.loc.gov/authorities/names/n89602258
670,Accademia di San Luca,,library of congress name authority file,Accademia di San Luca,http://id.loc.gov/authorities/names/n93105433
671,École nationale supérieure des beaux-arts (France),,library of congress name authority file,École nationale supérieure des beaux-arts (France),http://id.loc.gov/authorities/names/n79018876
672,Victoria and Albert Museum,,library of congress name authority file,Victoria and Albert Museum,http://id.loc.gov/authorities/names/n79066252
673,Gosudarstvennyĭ Ėrmitazh (Russia),,library of congress name authority file,Gosudarstvennyĭ Ėrmitazh (Russia),http://id.loc.gov/authorities/names/n79100241
676,Congress of Racial Equality,,library of congress name authority file,Congress of Racial Equality,http://id.loc.gov/authorities/names/n80080481
677,Black Panther Party,,library of congress name authority file,Black Panther Party,http://id.loc.gov/authorities/names/n80095585
682,Armory Center for the Arts,,library of congress name authority file,Armory Center for the Arts,http://id.loc.gov/authorities/names/no95036938
683,Kölner Kunstmarkt,,,Kölner Kunstmarkt,http://id.loc.gov/authorities/names/no2012045218
684,Verein progressiver deutscher Kunsthändler,,,Verein progressiver deutscher Kunsthändler,http://id.loc.gov/authorities/names/no2012045209
685,Industrias Kaiser Argentina,,library of congress name authority file,Industrias Kaiser Argentina,http://id.loc.gov/authorities/names/no2003068189
686,Wadsworth Atheneum,,library of congress name authority file,Wadsworth Atheneum,http://id.loc.gov/authorities/names/n82118545
689,Bienal Americana de Arte,,,Bienal Americana de Arte,http://id.loc.gov/authorities/names/no2006006589
694,"Biennale di Venezia (Venice, Italy)",,library of congress name authority file,"Biennale di Venezia (Venice, Italy)",http://id.loc.gov/authorities/names/n80010259
695,"Galerie Maeght (Paris, France)",,library of congress name authority file,"Galerie Maeght (Paris, France)",http://id.loc.gov/authorities/names/n83141848
696,Galleria nazionale d'arte moderna (Italy) ,,library of congress name authority file,Galleria nazionale d'arte moderna (Italy) ,http://id.loc.gov/authorities/names/n80099106
702,Rhomaides frères,,library of congress name authority file,Rhomaides frères,http://id.loc.gov/authorities/names/nr2005022517
711,Cyprus. Tmēma Archaiotētōn,,library of congress name authority file,Cyprus. Tmēma Archaiotētōn,http://id.loc.gov/authorities/names/n50074766
718,Patricia Faure Gallery,,library of congress name authority file,Patricia Faure Gallery,http://id.loc.gov/authorities/names/n2001010509
722,"Pomona College (Claremont, Calif.). Museum of Art",,library of congress name authority file,"Pomona College (Claremont, Calif.). Museum of Art",http://id.loc.gov/authorities/names/no2002038399
723,Bisson frères,,library of congress name authority file,Bisson frères,http://id.loc.gov/authorities/names/n84081227
735,American Museum of Ceramic Art,,library of congress name authority file,American Museum of Ceramic Art,http://id.loc.gov/authorities/names/nr2006004458
736,American Academy of Arts and Sciences,,library of congress name authority file,American Academy of Arts and Sciences,http://id.loc.gov/authorities/names/n79082160
738,UCLA Film and Television Archive,,library of congress name authority file,UCLA Film and Television Archive,http://id.loc.gov/authorities/names/n90634767
739,Ruth Chandler Williamson Gallery,,library of congress name authority file,Ruth Chandler Williamson Gallery,http://id.loc.gov/authorities/names/n94053979
740,Soho 20 (Gallery),,library of congress name authority file,Soho 20 (Gallery),http://id.loc.gov/authorities/names/no95011062
741,"A.I.R. Gallery (New York, N.Y.)",,library of congress name authority file,"A.I.R. Gallery (New York, N.Y.)",http://id.loc.gov/authorities/names/n86856894
742,Alexander Construction Company,,library of congress name authority file,Alexander Construction Company,http://id.loc.gov/authorities/names/no2011077553
745,USC Fisher Museum of Art,,library of congress name authority file,USC Fisher Museum of Art,http://id.loc.gov/authorities/names/no2012082745
746,Los Angeles Center for Photographic Studies,,library of congress name authority file,Los Angeles Center for Photographic Studies,http://id.loc.gov/authorities/names/n81008421
748,"Japanese American National Museum (Los Angeles, Calif.)",,library of congress name authority file,"Japanese American National Museum (Los Angeles, Calif.)",http://id.loc.gov/authorities/names/n92100598
749,Otis College of Art and Design,,library of congress name authority file,Otis College of Art and Design,http://id.loc.gov/authorities/names/n94063411
750,Vincent Price Art Museum,,library of congress name authority file,Vincent Price Art Museum,http://id.loc.gov/authorities/names/no2011116647
751,Los Angeles (Calif.). Cultural Affairs Department,,library of congress name authority file,Los Angeles (Calif.). Cultural Affairs Department,http://id.loc.gov/authorities/names/n83213504
752,Los Angeles Municipal Art Gallery,,library of congress name authority file,Los Angeles Municipal Art Gallery,http://id.loc.gov/authorities/names/n81014402
753,Watts Towers Art Center,,library of congress name authority file,Watts Towers Art Center,http://id.loc.gov/authorities/names/no95023662
756,Lunn Gallery,,library of congress name authority file,Lunn Gallery,http://id.loc.gov/authorities/names/n79095487
757,Lunn Ltd,,library of congress name authority file,Lunn Ltd,http://id.loc.gov/authorities/names/nr88008170
758,Graphics International Ltd,,library of congress name authority file,Graphics International Ltd,http://id.loc.gov/authorities/names/no2014142777
765,Los Angeles Contemporary Exhibitions (Gallery),,library of congress name authority file,Los Angeles Contemporary Exhibitions (Gallery),http://id.loc.gov/authorities/names/n88033438
769,L.A. as Subject (Project),,library of congress name authority file,L.A. as Subject (Project),http://id.loc.gov/authorities/names/n99005999
771,Kypriakon Mouseion (Cyprus),,library of congress name authority file,Kypriakon Mouseion (Cyprus),http://id.loc.gov/authorities/names/n83064191
772,California African-American Museum,,library of congress name authority file,California African-American Museum,http://id.loc.gov/authorities/names/nr98005513
775,P.A.P. Kunstagentur (Firm),,library of congress name authority file,P.A.P. Kunstagentur (Firm),http://id.loc.gov/authorities/names/n78057310
776,Aktions-Analytische Organisation,,library of congress name authority file,Aktions-Analytische Organisation,http://id.loc.gov/authorities/names/n93018047
777,"Friedrichshof (Zurndorf, Austria)",,library of congress name authority file,"Friedrichshof (Zurndorf, Austria)",http://id.loc.gov/authorities/names/n87833204
778,Germany. Reichsarbeitsdienst,,library of congress name authority file,Germany. Reichsarbeitsdienst,http://id.loc.gov/authorities/names/n81009634
779,Andalusia (Spain). Consejería de Cultura,,library of congress name authority file,Andalusia (Spain). Consejería de Cultura,http://id.loc.gov/authorities/names/n83301038
783,Festival internazionale del film di Locarno,,library of congress name authority file,Festival internazionale del film di Locarno,http://id.loc.gov/authorities/names/n78055372
785,Phébus (Firm),,,Phébus (Firm),http://id.loc.gov/authorities/names/n90671112
786,"Süleymaniye Camii (Istanbul, Turkey)",,library of congress name authority file,"Süleymaniye Camii (Istanbul, Turkey)",http://id.loc.gov/authorities/names/n86034878
787,"Sultanahmet Camii (Istanbul, Turkey)",,library of congress name authority file,"Sultanahmet Camii (Istanbul, Turkey)",http://id.loc.gov/authorities/names/n92046853
788,Topkapı Sarayı Müzesi,,library of congress name authority file,Topkapı Sarayı Müzesi,http://id.loc.gov/authorities/names/n50075577
789,Dolmabahçe Sarayı,,library of congress name authority file,Dolmabahçe Sarayı,http://id.loc.gov/authorities/names/nr2001022215
795,Cathédrale de Chartres,,library of congress name authority file,Cathédrale de Chartres,http://id.loc.gov/authorities/names/n50052168
805,Biennale di Venezia,,ingest,Biennale di Venezia,http://id.loc.gov/authorities/names/n80010259
808,Bibliothèque nationale de France,,library of congress name authority file,Bibliothèque nationale de France,http://id.loc.gov/authorities/names/no95028191
809,Institut de recherche et d'histoire des textes (France),,library of congress name authority file,Institut de recherche et d'histoire des textes (France),http://id.loc.gov/authorities/names/n50070689
810,Národní muzeum v Praze. Knihovna,,library of congress name authority file,Národní muzeum v Praze. Knihovna,http://id.loc.gov/authorities/names/n80146737
811,Rossiĭskai︠a︡ akademii︠a︡ nauk. Biblioteka,,library of congress name authority file,Rossiĭskai︠a︡ akademii︠a︡ nauk. Biblioteka,http://id.loc.gov/authorities/names/n92090312
813,Umĕleckoprůmyslové muzeum v Praze,,library of congress name authority file,Umĕleckoprůmyslové muzeum v Praze,http://id.loc.gov/authorities/names/n50068448
815,Unesco,,library of congress name authority file,Unesco,http://id.loc.gov/authorities/names/n79054523
816,Organization of World Heritage Cities,,library of congress name authority file,Organization of World Heritage Cities,http://id.loc.gov/authorities/names/no2005039715
817,Gemini G.E.L. (Firm),,library of congress name authority file,Gemini G.E.L. (Firm),http://id.loc.gov/authorities/names/n50038105
818,Thing Quarterly,,local,Thing Quarterly,http://id.loc.gov/authorities/names/no2015098711
819,Millers Falls Company,,library of congress name authority file,Millers Falls Company,http://id.loc.gov/authorities/names/n87119447
820,Four Seasons (Restaurant),,library of congress name authority file,Four Seasons (Restaurant),http://id.loc.gov/authorities/names/n80096080
822,"Museo del Templo Mayor (Mexico City, Mexico)",,library of congress name authority file,"Museo del Templo Mayor (Mexico City, Mexico)",http://id.loc.gov/authorities/names/n98053614
836,No Age (Musical group),,library of congress name authority file,No Age (Musical group),http://id.loc.gov/authorities/names/no2008092168
865,Wurdeman and Becket,,library of congress name authority file,Wurdeman and Becket,http://id.loc.gov/authorities/names/no2009044977
866,Welton Becket and Associates,,library of congress name authority file,Welton Becket and Associates,http://id.loc.gov/authorities/names/n89669359
876,"Kākh-i Gulistān (Tehran, Iran)",,library of congress name authority file,"Kākh-i Gulistān (Tehran, Iran)",http://id.loc.gov/authorities/names/n98039258
878,American Federation of Arts,,ulan,American Federation of Arts,http://id.loc.gov/authorities/names/n78096867
882,Kunst.Halle.Krems,,library of congress name authority file,Kunst.Halle.Krems,http://id.loc.gov/authorities/names/nr93041931
883,Fotomuseum Winterthur,,library of congress name authority file,Fotomuseum Winterthur,http://id.loc.gov/authorities/names/n94040620
886,KPMG LLP (U.S.),,library of congress name authority file,KPMG LLP (U.S.),http://id.loc.gov/authorities/names/no2013075387
891,Fondazione Memmo (Italy),,library of congress name authority file,Fondazione Memmo (Italy),http://id.loc.gov/authorities/names/n93069020
895,Royal Academy of Arts (Great Britain),,library of congress name authority file,Royal Academy of Arts (Great Britain),http://id.loc.gov/authorities/names/n80032672
896,"Kitchen Center for Video, Music, Dance, Performance, Film, and Literature (New York, N.Y.)",,ingest,"Kitchen Center for Video, Music, Dance, Performance, Film, and Literature (New York, N.Y.)",http://id.loc.gov/authorities/names/n93104099
899,Cotsen Foundation,,library of congress name authority file,Cotsen Foundation,http://id.loc.gov/authorities/names/no2013064707
900,"White Studio (New York, N.Y.)",,library of congress name authority file,"White Studio (New York, N.Y.)",http://id.loc.gov/authorities/names/nr99037386
901,Baker’s Art Gallery,,library of congress name authority file,Baker’s Art Gallery,http://id.loc.gov/authorities/names/no2009037604
902,Elite (Photographic firm),,library of congress name authority file,Elite (Photographic firm),http://id.loc.gov/authorities/names/no2008169617
903,"Apeda Studio (New York, N.Y.)",,library of congress name authority file,"Apeda Studio (New York, N.Y.)",http://id.loc.gov/authorities/names/nr99038062
906,Academia Imperial das Bellas Artes (Brazil),,library of congress name authority file,Academia Imperial das Bellas Artes (Brazil),http://id.loc.gov/authorities/names/n84039891
917,Academia Imperial das Bellas Artes (Brazil),,library of congress name authority file,Academia Imperial das Bellas Artes (Brazil),http://id.loc.gov/authorities/names/n84039891
924,Duveen Brothers,,lcnaf,Duveen Brothers,http://id.loc.gov/authorities/names/nr97027536
929,Thos. Agnew and Sons Ltd.,,lcnaf,Thos. Agnew and Sons Ltd.,http://id.loc.gov/authorities/names/n78013823
930,"F. Kleinberger Galleries (New York, N.Y.)",,lcnaf,"F. Kleinberger Galleries (New York, N.Y.)",http://id.loc.gov/authorities/names/n2006165845
931,"Wildenstein and Company (New York, N.Y.)",,lcnaf,"Wildenstein and Company (New York, N.Y.)",http://id.loc.gov/authorities/names/n50052707
937,Overseas Missionary Fellowship,,lcnaf,Overseas Missionary Fellowship,http://id.loc.gov/authorities/names/n50082466
938,"Tian Tan (Beijing, China)",,lcnaf,"Tian Tan (Beijing, China)",http://id.loc.gov/authorities/names/no97025429
940,United States. National Park Service,n 79022809,library of congress name authority file,United States. National Park Service,http://id.loc.gov/authorities/names/n79022809
953,Dépôt de la guerre (France),,library of congress name authority file,Dépôt de la guerre (France),http://id.loc.gov/authorities/names/n50070527
954,Malo frères,,library of congress name authority file,Malo frères,http://id.loc.gov/authorities/names/no2014136124
1007,Verlag Das Beste GmbH,,lcnaf,Verlag Das Beste GmbH,http://id.loc.gov/authorities/names/n50074892
1008,Stuttgarter Kunstkabinett,,lcnaf,Stuttgarter Kunstkabinett,http://id.loc.gov/authorities/names/nr90011094
1010,Kunsthaus Lempertz,,lcnaf,Kunsthaus Lempertz,http://id.loc.gov/authorities/names/n82058500
1012,Ernst Barlach Gesellschaft,,lcnaf,Ernst Barlach Gesellschaft,http://id.loc.gov/authorities/names/n82203853
1013,Galerie Fischer,,lcnaf,Galerie Fischer,http://id.loc.gov/authorities/names/n83227232
1014,Einsatzstab Reichsleiter Rosenberg für die Besetzten Gebiete,,lcnaf,Einsatzstab Reichsleiter Rosenberg für die Besetzten Gebiete,http://id.loc.gov/authorities/names/n95112083
1015,Deutscher Werkbund,,lcnaf,Deutscher Werkbund,http://id.loc.gov/authorities/names/n50065876
1016,Kunstarchiv Arntz,,lcnaf,Kunstarchiv Arntz,http://id.loc.gov/authorities/names/n81046530
1024,California Institute of the Arts,,lcnaf,California Institute of the Arts,http://id.loc.gov/authorities/names/n50058861
1025,Henry E. Huntington Library and Art Gallery,,lcnaf,Henry E. Huntington Library and Art Gallery,http://id.loc.gov/authorities/names/n79049138
1026,Vincent Price Art Museum,,lcnaf,Vincent Price Art Museum,http://id.loc.gov/authorities/names/no2011116647
1027,USC Fisher Museum of Art,,lcnaf,USC Fisher Museum of Art,http://id.loc.gov/authorities/names/no2012082745
1028,California African-American Museum,,lcnaf,California African-American Museum,http://id.loc.gov/authorities/names/nr98005513
1029,UCLA Film and Television Archive,,lcnaf,UCLA Film and Television Archive,http://id.loc.gov/authorities/names/n90634767
1030,Los Angeles County Museum of Art,,lcnaf,Los Angeles County Museum of Art,http://id.loc.gov/authorities/names/n78097041
1032,Los Angeles Contemporary Exhibitions (Gallery),,lcnaf,Los Angeles Contemporary Exhibitions (Gallery),http://id.loc.gov/authorities/names/n88033438
1033,Ruth Chandler Williamson Gallery,,lcnaf,Ruth Chandler Williamson Gallery,http://id.loc.gov/authorities/names/n94053979
1034,Los Angeles (Calif.). Cultural Affairs Department,,lcnaf,Los Angeles (Calif.). Cultural Affairs Department,http://id.loc.gov/authorities/names/n83213504
1035,Armand Hammer Museum of Art and Cultural Center,,lcnaf,Armand Hammer Museum of Art and Cultural Center,http://id.loc.gov/authorities/names/nr91027284
1036,Armory Center for the Arts,,lcnaf,Armory Center for the Arts,http://id.loc.gov/authorities/names/no95036938
1037,"Japanese American National Museum (Los Angeles, Calif.)",,lcnaf,"Japanese American National Museum (Los Angeles, Calif.)",http://id.loc.gov/authorities/names/n92100598
1038,American Museum of Ceramic Art,,lcnaf,American Museum of Ceramic Art,http://id.loc.gov/authorities/names/nr2006004458
1039,Otis College of Art and Design,,lcnaf,Otis College of Art and Design,http://id.loc.gov/authorities/names/n94063411
1041,Orange County Museum of Art (Calif.),,lcnaf,Orange County Museum of Art (Calif.),http://id.loc.gov/authorities/names/n96103513
1043,"Pomona College (Claremont, Calif.). Museum of Art",,lcnaf,"Pomona College (Claremont, Calif.). Museum of Art",http://id.loc.gov/authorities/names/no2002038399
1064,Phébus (Firm),,ingest,Phébus (Firm),http://id.loc.gov/authorities/names/n90671112
1067,Apollon (Firm),,library of congress name authority file,Apollon (Firm),http://id.loc.gov/authorities/names/no2010101417
1068,"Sultanahmet Camii (Istanbul, Turkey)",,library of congress name authority file,"Sultanahmet Camii (Istanbul, Turkey)",http://id.loc.gov/authorities/names/n92046853
1069,Dolmabahçe Sarayı,,library of congress name authority file,Dolmabahçe Sarayı,http://id.loc.gov/authorities/names/nr2001022215
1070,"Süleymaniye Camii (Istanbul, Turkey)",,library of congress name authority file,"Süleymaniye Camii (Istanbul, Turkey)",http://id.loc.gov/authorities/names/n86034878
1072,Topkapı Sarayı Müzesi,,library of congress name authority file,Topkapı Sarayı Müzesi,http://id.loc.gov/authorities/names/n50075577
1073,Ayasofya Müzesi,,library of congress name authority file,Ayasofya Müzesi,http://id.loc.gov/authorities/names/n79058868
1076,"GAP, Inc.",,lcnaf,"GAP, Inc.",http://id.loc.gov/authorities/names/nr99016044
1077,Nazraeli Press,,lcnaf,Nazraeli Press,http://id.loc.gov/authorities/names/no94014082
1087,Coop Himmelblau,n84025772,library of congress name authority file,Coop Himmelblau,http://id.loc.gov/authorities/names/n84025772
764,Patrick Painter Inc,,naf,Patrick Painter Inc,http://id.loc.gov/authorities/names/nr2006023162
60,London Stereoscopic Company,,library of congress name authority file,London Stereoscopic Company,http://id.loc.gov/authorities/names/nr2002040024
98,"Exposition universelle internationale de 1900 (Paris, France)",,library of congress name authority file,"Exposition universelle internationale de 1900 (Paris, France)",http://id.loc.gov/authorities/names/n50054651
825,Exposition universelle de 1867 à Paris,,library of congress name authority file,Exposition universelle de 1867 à Paris,http://id.loc.gov/authorities/names/n85268098
838,Exposition universelle de Paris en 1855,,library of congress name authority file,Exposition universelle de Paris en 1855,http://id.loc.gov/authorities/names/n87127469
847,American Stereoscopic Company,,library of congress name authority file,American Stereoscopic Company,http://id.loc.gov/authorities/names/n80058665
849, H.C. White Co.,,library of congress name authority file, H.C. White Co.,http://id.loc.gov/authorities/names/n91121137
851,Stereo-Travel Co.,,library of congress name authority file,Stereo-Travel Co.,http://id.loc.gov/authorities/names/n2006012808
852,Universal Photo Art Co.,,library of congress name authority file,Universal Photo Art Co.,http://id.loc.gov/authorities/names/n2006012797
853,Universal Stereoscopic View Co.,,library of congress name authority file,Universal Stereoscopic View Co.,http://id.loc.gov/authorities/names/no2010029767
855,Léon et Lévy,,library of congress name authority file,Léon et Lévy,http://id.loc.gov/authorities/names/no2014082115
856,Breveté,,,Breveté,http://id.loc.gov/authorities/names/no98042837
858,B.W. Kilburn Company,,library of congress name authority file,B.W. Kilburn Company,http://id.loc.gov/authorities/names/n93054435
1055,Poetry Society of America,,library of congress name authority file,Poetry Society of America,http://id.loc.gov/authorities/names/n50065387
1056,Los Angeles County Metropolitan Transportation Authority,,library of congress name authority file,Los Angeles County Metropolitan Transportation Authority,http://id.loc.gov/authorities/names/no96066249
1057,Santa Monica (Calif.). Arts Commission,,library of congress name authority file,Santa Monica (Calif.). Arts Commission,http://id.loc.gov/authorities/names/no92017293
1058,Occidental College,,library of congress name authority file,Occidental College,http://id.loc.gov/authorities/names/n50045518
1059,Friends of the Los Angeles River,,library of congress name authority file,Friends of the Los Angeles River,http://id.loc.gov/authorities/names/n2009044671
792,Naropa Institute,,library of congress name authority file,Naropa Institute,http://id.loc.gov/authorities/names/n80094106
1060,Beyond Baroque Literary Arts Center,,library of congress name authority file,Beyond Baroque Literary Arts Center,http://id.loc.gov/authorities/names/no98081502
1075,"Kitchen Center for Video, Music, Dance, Performance, Film, and Literature (New York, N.Y.)",,ingest,"Kitchen Center for Video, Music, Dance, Performance, Film, and Literature (New York, N.Y.)",http://id.loc.gov/authorities/names/n93104099
197,Copley Galleries,,library of congress name authority file,Copley Galleries,http://id.loc.gov/authorities/names/nr98017343
198,"Galleria del naviglio (Milan, Italy)",,library of congress name authority file,"Galleria del naviglio (Milan, Italy)",http://id.loc.gov/authorities/names/n96013143
199,Loudmer-Poulain (Firm),,library of congress name authority file,Loudmer-Poulain (Firm),http://id.loc.gov/authorities/names/nr2002042114
200,Hôtel Drouot,,library of congress name authority file,Hôtel Drouot,http://id.loc.gov/authorities/names/n82203863
201,Mannheimer Kunstverein,,library of congress name authority file,Mannheimer Kunstverein,http://id.loc.gov/authorities/names/n82089340
63,International Design Conference in Aspen,,library of congress name authority file,International Design Conference in Aspen,http://id.loc.gov/authorities/names/n80160740
806,Städtisches Moritzburg-Museum.,,ingest,Städtisches Moritzburg-Museum.,http://id.loc.gov/authorities/names/n82081837
807,National-Galerie (Germany).,,ingest,National-Galerie (Germany).,http://id.loc.gov/authorities/names/n50041223
353,"Hollyhock House (Hollywood, Los Angeles, Calif.)",,library of congress name authority file,"Hollyhock House (Hollywood, Los Angeles, Calif.)",http://id.loc.gov/authorities/names/n92031232
360,Solomon R. Guggenheim Museum,,library of congress name authority file,Solomon R. Guggenheim Museum,http://id.loc.gov/authorities/names/n79065486
369,Angels Flight (Railway),,library of congress name authority file,Angels Flight (Railway),http://id.loc.gov/authorities/names/n98039971
370,"California Club (Los Angeles, Calif.)",,library of congress name authority file,"California Club (Los Angeles, Calif.)",http://id.loc.gov/authorities/names/nr2004004238
372,Bullock's Wilshire (Department store),,library of congress name authority file,Bullock's Wilshire (Department store),http://id.loc.gov/authorities/names/n96059689
373,"Chinese Theatre (Los Angeles, Calif.)",,library of congress name authority file,"Chinese Theatre (Los Angeles, Calif.)",http://id.loc.gov/authorities/names/n93117147
375,Los Angeles (Calif.). Department of Water and Power,,library of congress name authority file,Los Angeles (Calif.). Department of Water and Power,http://id.loc.gov/authorities/names/n79063867
376,"Racquet Club (Palm Springs, Calif.)",,library of congress name authority file,"Racquet Club (Palm Springs, Calif.)",http://id.loc.gov/authorities/names/n85130465
377,Palm Springs Desert Museum,,library of congress name authority file,Palm Springs Desert Museum,http://id.loc.gov/authorities/names/n80032166
378,Beverly Hills Hotel,,library of congress name authority file,Beverly Hills Hotel,http://id.loc.gov/authorities/names/n78056745
382,"Freeman House (Hollywood, Los Angeles, Calif.)",,library of congress name authority file,"Freeman House (Hollywood, Los Angeles, Calif.)",http://id.loc.gov/authorities/names/no96047750
383,Museo Rufino Tamayo,,library of congress name authority file,Museo Rufino Tamayo,http://id.loc.gov/authorities/names/n83217195
384,Albert C. Martin and Associates,,library of congress name authority file,Albert C. Martin and Associates,http://id.loc.gov/authorities/names/n88633344
397,"Wurster, Bernardi, and Emmons",,library of congress name authority file,"Wurster, Bernardi, and Emmons",http://id.loc.gov/authorities/names/n82088077
870,"Case Study House No. 9 (Los Angeles, Calif.)",,ingest,"Case Study House No. 9 (Los Angeles, Calif.)",http://id.loc.gov/authorities/names/n98030235
871,"Wayfarers Chapel (Rancho Palos Verdes, Calif.)",,ingest,"Wayfarers Chapel (Rancho Palos Verdes, Calif.)",http://id.loc.gov/authorities/names/n96056944
872,Williams and Williams.,,ingest,Williams and Williams.,http://id.loc.gov/authorities/names/no2008160670
593,Courret Hermanos,,library of congress name authority file,Courret Hermanos,http://id.loc.gov/authorities/names/nr2006007817
830,Catedral de Arequipa,,library of congress name authority file,Catedral de Arequipa,http://id.loc.gov/authorities/names/nb2007024961
831,Catedral de Lima,,library of congress name authority file,Catedral de Lima,http://id.loc.gov/authorities/names/n88675416
1215,"Long hua si (Shanghai, China)",,lcnaf,"Long hua si (Shanghai, China)",http://id.loc.gov/authorities/names/nr92033908
1221,Getty Foundation,,library of congress name authority file,Getty Foundation,http://id.loc.gov/authorities/names/nr2006020600
1222,Getty Grant Program,,library of congress name authority file,Getty Grant Program,http://id.loc.gov/authorities/names/nr99012522
517,J. Paul Getty Museum. Publications,,,J. Paul Getty Museum. Publications,http://id.loc.gov/authorities/names/no2005051562
459,J. Paul Getty Museum. Department of Manuscripts,,library of congress name authority file,J. Paul Getty Museum. Department of Manuscripts,http://id.loc.gov/authorities/names/n91104177
72,"University of California, Los Angeles",,library of congress name authority file,"University of California, Los Angeles",http://id.loc.gov/authorities/names/n79046090
440,Karl-Ernst-Osthaus-Museum,,library of congress name authority file,Karl-Ernst-Osthaus-Museum,http://id.loc.gov/authorities/names/n50053116
441,"Hamilton College (Clinton, N.Y.)",,library of congress name authority file,"Hamilton College (Clinton, N.Y.)",http://id.loc.gov/authorities/names/n50057136
716,Orange County Museum of Art (Calif.),,library of congress name authority file,Orange County Museum of Art (Calif.),http://id.loc.gov/authorities/names/n96103513
21,Yi chang,,,Yi chang,http://id.loc.gov/authorities/names/n79147619
714,Rugby School,,library of congress name authority file,Rugby School,http://id.loc.gov/authorities/names/n86053853
22,Getty Research Institute. Research Library,,library of congress name authority file,Getty Research Institute. Research Library,http://id.loc.gov/authorities/names/nr00005506
349,Artists Space (Gallery),,library of congress name authority file,Artists Space (Gallery),http://id.loc.gov/authorities/names/n86855422
350,National Endowment for the Arts,,library of congress name authority file,National Endowment for the Arts,http://id.loc.gov/authorities/names/n79006752
351,Marie Walsh Sharpe Art Foundation,,library of congress name authority file,Marie Walsh Sharpe Art Foundation,http://id.loc.gov/authorities/names/n93024248
532,Carlhian (Firm),,library of congress name authority file,Carlhian (Firm),http://id.loc.gov/authorities/names/n96114782
850,Keystone View Company,,library of congress name authority file,Keystone View Company,http://id.loc.gov/authorities/names/n82029025
1066,Abdullah frères,,library of congress name authority file,Abdullah frères,http://id.loc.gov/authorities/names/no98113334
580,"Ferus Gallery (Los Angeles, Calif.)",,library of congress name authority file,"Ferus Gallery (Los Angeles, Calif.)",http://id.loc.gov/authorities/names/no2008184682
1086,"Maison Bonfils (Beirut, Lebanon)",,lcnaf,"Maison Bonfils (Beirut, Lebanon)",http://id.loc.gov/authorities/names/n86870143
1232,Rugby School,,library of congress name authority file,Rugby School,http://id.loc.gov/authorities/names/n86053853
341,"Black Mountain College (Black Mountain, N.C.)",,library of congress name authority file,"Black Mountain College (Black Mountain, N.C.)",http://id.loc.gov/authorities/names/n85350815
342,Haystack Mountain School of Crafts,,library of congress name authority file,Haystack Mountain School of Crafts,http://id.loc.gov/authorities/names/n81091139
715,"Museum of Contemporary Art (Los Angeles, Calif.) ",,library of congress name authority file,"Museum of Contemporary Art (Los Angeles, Calif.) ",http://id.loc.gov/authorities/names/n83206447
343,C.G. Jung Foundation for Analytical Psychology,,library of congress name authority file,C.G. Jung Foundation for Analytical Psychology,http://id.loc.gov/authorities/names/n50062107
512,J. Paul Getty Museum. Department of Photographs,,library of congress name authority file,J. Paul Getty Museum. Department of Photographs,http://id.loc.gov/authorities/names/nr95042435
1226, France. Armée. Armée d’Afrique,,lcnaf, France. Armée. Armée d’Afrique,http://id.loc.gov/authorities/names/n90670056
1227,Muséum national d’histoire naturelle (France),,lcnaf,Muséum national d’histoire naturelle (France),http://id.loc.gov/authorities/names/n80097456
1228,American Baptist Mission Press (Burma),,lcnaf,American Baptist Mission Press (Burma),http://id.loc.gov/authorities/names/nr99021029
660,"Douwes Fine Art Gallery (London, England)",,library of congress name authority file,"Douwes Fine Art Gallery (London, England)",http://id.loc.gov/authorities/names/n86806299
662,David Koetser Gallery,,library of congress name authority file,David Koetser Gallery,http://id.loc.gov/authorities/names/nr93043728
514,"Hollywood Bowl (Los Angeles, Calif.)",,library of congress name authority file,"Hollywood Bowl (Los Angeles, Calif.)",http://id.loc.gov/authorities/names/n92080187
1052,Festival internazionale del film di Locarno,,library of congress name authority file,Festival internazionale del film di Locarno,http://id.loc.gov/authorities/names/n78055372
692,Pacific Standard Time (Project),,local,Pacific Standard Time (Project),http://id.loc.gov/authorities/names/no2011154830
1053,Biennale di Venezia,,ingest,Biennale di Venezia,http://id.loc.gov/authorities/names/n80010259
1054,"Biennale di Venezia (Venice, Italy)",,library of congress name authority file,"Biennale di Venezia (Venice, Italy)",http://id.loc.gov/authorities/names/n80010259
54,Neurdein frères,,library of congress name authority file,Neurdein frères,http://id.loc.gov/authorities/names/no98092198
595,Fratelli Alinari,,library of congress name authority file,Fratelli Alinari,http://id.loc.gov/authorities/names/n79112301
927,Getty Conservation Institute,,library of congress name authority file,Getty Conservation Institute,http://id.loc.gov/authorities/names/n85199077
236,Coum Transmissions (Musical group) ,,library of congress name authority file,Coum Transmissions (Musical group) ,http://id.loc.gov/authorities/names/no2004077744
237,Franklin Furnace (Archive),,library of congress name authority file,Franklin Furnace (Archive),http://id.loc.gov/authorities/names/n82156010
238,Institute for Art and Urban Resources,,library of congress name authority file,Institute for Art and Urban Resources,http://id.loc.gov/authorities/names/n83009339
239,"Kitchen Center for Video, Music, Dance, Performance, Film, and Literature (New York, N.Y.) ",,library of congress name authority file,"Kitchen Center for Video, Music, Dance, Performance, Film, and Literature (New York, N.Y.) ",http://id.loc.gov/authorities/names/n93104099
240,Leo Castelli Gallery,,library of congress name authority file,Leo Castelli Gallery,http://id.loc.gov/authorities/names/n50074445
932,Getty Research Institute. Research Library,,lcnaf,Getty Research Institute. Research Library,http://id.loc.gov/authorities/names/nr00005506
578,Getty Conservation Institute. Scientific Program,,,Getty Conservation Institute. Scientific Program,http://id.loc.gov/authorities/names/no97059071
743,"Dwan Gallery (New York, N.Y.)",,library of congress name authority file,"Dwan Gallery (New York, N.Y.)",http://id.loc.gov/authorities/names/nr99025808
744,"Dwan Gallery (Los Angeles, Calif.)",,library of congress name authority file,"Dwan Gallery (Los Angeles, Calif.)",http://id.loc.gov/authorities/names/no99078009
1238,Los Angeles County Economic Development Corporation,98108890,library of congress name authority file,Los Angeles County Economic Development Corporation,http://id.loc.gov/authorities/names/no00092575
1247,"Ruwanweliseya (Anuradhapura, Sri Lanka)",,lcnaf,"Ruwanweliseya (Anuradhapura, Sri Lanka)",http://id.loc.gov/authorities/names/n2006036000
536,J. Paul Getty Museum. Education Department,,library of congress name authority file,J. Paul Getty Museum. Education Department,http://id.loc.gov/authorities/names/n2012071732
762,Knoedler Kasmin Limited,,library of congress name authority file,Knoedler Kasmin Limited,http://id.loc.gov/authorities/names/no2010099682
1003,Kasmin Limited,,ingest,Kasmin Limited,http://id.loc.gov/authorities/names/no2012098570
202,Sidney Janis Gallery,,library of congress name authority file,Sidney Janis Gallery,http://id.loc.gov/authorities/names/n80097579
833,Reuben Gallery,,library of congress name authority file,Reuben Gallery,http://id.loc.gov/authorities/names/no2002037867
1022,Getty Foundation,,lcnaf,Getty Foundation,http://id.loc.gov/authorities/names/nr2006020600
1023,Pacific Standard Time (Project),,local,Pacific Standard Time (Project),http://id.loc.gov/authorities/names/no2011154830
1261,"Douwes Fine Art Gallery (London, England)",,lcnaf,"Douwes Fine Art Gallery (London, England)",http://id.loc.gov/authorities/names/n86806299
1262,David Koetser Gallery,,lcnaf,David Koetser Gallery,http://id.loc.gov/authorities/names/nr93043728
1269,Museum Folkwang Essen,,lcnaf,Museum Folkwang Essen,http://id.loc.gov/authorities/names/n50065358
1271,Van Diemen-Lilienfeld Galleries,,lcnaf,Van Diemen-Lilienfeld Galleries,http://id.loc.gov/authorities/names/nr00013758
1272,Kunstmuseum Bern,,lcnaf,Kunstmuseum Bern,http://id.loc.gov/authorities/names/n50065150
1274,Graphische Sammlung Albertina,,lcnaf,Graphische Sammlung Albertina,http://id.loc.gov/authorities/names/n50055585
1240,Coracle Press,,lcnaf,Coracle Press,http://id.loc.gov/authorities/names/n86014930
1241,Franklin Furnace (Archive),,lcnaf,Franklin Furnace (Archive),http://id.loc.gov/authorities/names/n82156010
1242,Coum Transmissions (Musical group),,lcnaf,Coum Transmissions (Musical group),http://id.loc.gov/authorities/names/no2004077744
1243,Institute for Art and Urban Resources,,lcnaf,Institute for Art and Urban Resources,http://id.loc.gov/authorities/names/n83009339
571,Svenska Cypernexpeditionen (1927-1931),,library of congress name authority file,Svenska Cypernexpeditionen (1927-1931),http://id.loc.gov/authorities/names/no2003010957
1244,Leo Castelli Gallery,,lcnaf,Leo Castelli Gallery,http://id.loc.gov/authorities/names/n50074445
1248,Experiments in Art and Technology (Organization),,lcnaf,Experiments in Art and Technology (Organization),http://id.loc.gov/authorities/names/n78007583
1250,"Expo '70 (Osaka, Japan)",,lcnaf,"Expo '70 (Osaka, Japan)",http://id.loc.gov/authorities/names/n50077231
1276,Leo Castelli Gallery,,library of congress name authority file,Leo Castelli Gallery,http://id.loc.gov/authorities/names/n50074445
184,"Metropolitan Museum of Art (New York, N.Y.)",,library of congress name authority file,"Metropolitan Museum of Art (New York, N.Y.)",http://id.loc.gov/authorities/names/n79129629
490,Columbia University,,library of congress name authority file,Columbia University,http://id.loc.gov/authorities/names/n81024714
510,Pratt Institute,,library of congress name authority file,Pratt Institute,http://id.loc.gov/authorities/names/n50022857
704,"Program for Art on Film (New York, N.Y.)",,ingest,"Program for Art on Film (New York, N.Y.)",http://id.loc.gov/authorities/names/n90724007
457,International Council of Monuments and Sites,,library of congress name authority file,International Council of Monuments and Sites,http://id.loc.gov/authorities/names/n80115554
458,International Committee of Architectural Photogrammetry,,library of congress name authority file,International Committee of Architectural Photogrammetry,http://id.loc.gov/authorities/names/n87832204
509,"Program for Art on Film (New York, N.Y.)",,library of congress name authority file,"Program for Art on Film (New York, N.Y.)",http://id.loc.gov/authorities/names/n90724007
665,Rheinisches Bildarchiv,,library of congress name authority file,Rheinisches Bildarchiv,http://id.loc.gov/authorities/names/n83236259
1019,Getty Research Institute,,lcnaf,Getty Research Institute,http://id.loc.gov/authorities/names/n00000345
1278,Rheinisches Bildarchiv,,lcnaf,Rheinisches Bildarchiv,http://id.loc.gov/authorities/names/n83236259
235,Coracle Press,,library of congress name authority file,Coracle Press,http://id.loc.gov/authorities/names/n86014930
545,Tarasque Press,,library of congress name authority file,Tarasque Press,http://id.loc.gov/authorities/names/n86015775
547,Victoria Miro Gallery,,library of congress name authority file,Victoria Miro Gallery,http://id.loc.gov/authorities/names/n85312142
600,Martha Jackson Gallery,,library of congress name authority file,Martha Jackson Gallery,http://id.loc.gov/authorities/names/n85071016
690,Lapis Press,,library of congress name authority file,Lapis Press,http://id.loc.gov/authorities/names/no2003055906
859,Shunk-Kender,,,Shunk-Kender,http://id.loc.gov/authorities/names/no2015055201
860,"Galerie J (Paris, France)",,lcnaf,"Galerie J (Paris, France)",http://id.loc.gov/authorities/names/no2014039012
934,"Kitchen Center for Video, Music, Dance, Performance, Film, and Literature (New York, N.Y.)",,lcnaf,"Kitchen Center for Video, Music, Dance, Performance, Film, and Literature (New York, N.Y.)",http://id.loc.gov/authorities/names/n93104099
1286,a,,,a,http://id.loc.gov/authorities/names/no2010138560
3,Getty Conservation Institute,,local,Getty Conservation Institute,http://id.loc.gov/authorities/names/n85199077
448,J. Paul Getty Museum. Department of Antiquities,,library of congress name authority file,J. Paul Getty Museum. Department of Antiquities,http://id.loc.gov/authorities/names/n90660149
646,Getty Oil Company,,local,Getty Oil Company,http://id.loc.gov/authorities/names/n84001180
678,Gallery 669,,library of congress name authority file,Gallery 669,http://id.loc.gov/authorities/names/no2011041945
679,Mizuno Gallery,,library of congress name authority file,Mizuno Gallery,http://id.loc.gov/authorities/names/no2011041929
1339,"Woman's Building (Los Angeles, Calif.)",,naf,"Woman's Building (Los Angeles, Calif.)",http://id.loc.gov/authorities/names/n84184746
798,New York Times Company,,library of congress name authority file,New York Times Company,http://id.loc.gov/authorities/names/n81050013
799,Wall Street Journal (Firm),,library of congress name authority file,Wall Street Journal (Firm),http://id.loc.gov/authorities/names/n79097650
925,October,,library of congress name authority file,October,http://id.loc.gov/authorities/names/n83128285
13,"Machado and Silvetti Associates, Inc",,library of congress name authority file,"Machado and Silvetti Associates, Inc",http://id.loc.gov/authorities/names/no96055393
5,Getty Conservation Institute,,library of congress name authority file,Getty Conservation Institute,http://id.loc.gov/authorities/names/n85199077
6,Getty Center for the History of Art and the Humanities,,library of congress name authority file,Getty Center for the History of Art and the Humanities,http://id.loc.gov/authorities/names/nr95017677
7,J. Paul Getty Trust,,library of congress name authority file,J. Paul Getty Trust,http://id.loc.gov/authorities/names/n85059259
8,Getty Information Institute,,library of congress name authority file,Getty Information Institute,http://id.loc.gov/authorities/names/nr96031770
10,Getty Research Institute,,library of congress name authority file,Getty Research Institute,http://id.loc.gov/authorities/names/n00000345
14,Getty Foundation,,library of congress name authority file,Getty Foundation,http://id.loc.gov/authorities/names/nr2006020600
15,Getty Education Institute for the Arts,,library of congress name authority file,Getty Education Institute for the Arts,http://id.loc.gov/authorities/names/nr96031768
479,Getty Center for Education in the Arts,,library of congress name authority file,Getty Center for Education in the Arts,http://id.loc.gov/authorities/names/n85121478
480,Getty Art History Information Program,,library of congress name authority file,Getty Art History Information Program,http://id.loc.gov/authorities/names/n85271479
566,Getty Research Institute for the History of Art and the Humanities,,library of congress name authority file,Getty Research Institute for the History of Art and the Humanities,http://id.loc.gov/authorities/names/n96077355
828,J. Paul Getty Trust. Public Affairs Department,,ingest,J. Paul Getty Trust. Public Affairs Department,http://id.loc.gov/authorities/names/no99013933
705,"Housing Authority of the City of Los Angeles, California",,library of congress name authority file,"Housing Authority of the City of Los Angeles, California",http://id.loc.gov/authorities/names/no90009604
407,Detroit Institute of Arts,,library of congress name authority file,Detroit Institute of Arts,http://id.loc.gov/authorities/names/n79045542
411,Toledo Museum of Art,,library of congress name authority file,Toledo Museum of Art,http://id.loc.gov/authorities/names/n79046209
724,Julius Böhler (Firm),,library of congress name authority file,Julius Böhler (Firm),http://id.loc.gov/authorities/names/n88114111
725,Stichting Nederlands Kunstbezit,,library of congress name authority file,Stichting Nederlands Kunstbezit,http://id.loc.gov/authorities/names/n2003003296
726,Smith College. Museum of Art,,library of congress name authority file,Smith College. Museum of Art,http://id.loc.gov/authorities/names/n80082291
727,"Cranbrook School (Bloomfield Hills, Mich.) ",,,"Cranbrook School (Bloomfield Hills, Mich.) ",http://id.loc.gov/authorities/names/n2016053664
728,Allen Memorial Art Museum,,library of congress name authority file,Allen Memorial Art Museum,http://id.loc.gov/authorities/names/n79092629
730,G. Cramer Oude Kunst,,,G. Cramer Oude Kunst,http://id.loc.gov/authorities/names/no2012130227
138,Experiments in Art and Technology (Organization),,library of congress name authority file,Experiments in Art and Technology (Organization),http://id.loc.gov/authorities/names/n78007583
139,"Expo '70 (Osaka, Japan)",,library of congress name authority file,"Expo '70 (Osaka, Japan)",http://id.loc.gov/authorities/names/n50077231
4,J. Paul Getty Museum,,library of congress name authority file,J. Paul Getty Museum,http://id.loc.gov/authorities/names/n79046211
