ASpace_ID,Names,Authority_ID,Source,Name_Recon,uri,New_ID
1088,Nicholas Wilder Gallery,,naf,Nicholas Wilder Gallery,http://id.loc.gov/authorities/names/no2011192534,1342
1206,Instituto Nacional de Arqueología (Bolivia),n 50075969,library of congress name authority file,Instituto Nacional de Arqueología (Bolivia),http://id.loc.gov/authorities/names/n50075969,1343
1223,Steven Leiber (Gallery),,naf,Steven Leiber (Gallery),http://id.loc.gov/authorities/names/nr96035772,1344
1074,Stephen White Gallery of Photography,,library of congress name authority file,Stephen White Gallery of Photography,http://id.loc.gov/authorities/names/n89638024,1345
1005,AC Martin Partners,,library of congress name authority file,AC Martin Partners,http://id.loc.gov/authorities/names/no2003050180,1346
1083,Adelphoi Zangaki (Firm),,lcnaf,Adelphoi Zangaki (Firm),http://id.loc.gov/authorities/names/no2009009260,1347
1078,Pan-Presse,,library of congress name authority file,Pan-Presse,http://id.loc.gov/authorities/names/nb2015006917,1348
1089,"Gesellschaft für Vervielfältigende Kunst (Vienna, Austria)",,lcnaf,"Gesellschaft für Vervielfältigende Kunst (Vienna, Austria)",http://id.loc.gov/authorities/names/n82105530,1349
1210,Deutscher Guttempler-Orden,,lcnaf,Deutscher Guttempler-Orden,http://id.loc.gov/authorities/names/n79122822,1350
1216,Kasseler Kunstverein,,lcnaf,Kasseler Kunstverein,http://id.loc.gov/authorities/names/n83039477,1351
1217,Sächsischer Kunstverein,,lcnaf,Sächsischer Kunstverein,http://id.loc.gov/authorities/names/no2010099823,1352
9,Getty Grant Program,,library of congress name authority file,Getty Grant Program,http://id.loc.gov/authorities/names/nr99012522,1353
1222,Getty Grant Program,,library of congress name authority file,Getty Grant Program,http://id.loc.gov/authorities/names/nr99012522,1353
23,Mutter Ey G.m.b.H.,,library of congress name authority file,Mutter Ey G.m.b.H.,http://id.loc.gov/authorities/names/no2004033272,1355
24,"Association Connaissance de l""histoire de l""Afrique contemporaine",,library of congress name authority file,"Association Connaissance de l""histoire de l""Afrique contemporaine",http://id.loc.gov/authorities/names/no93015834,1356
25,France. Armée. Méharistes,,library of congress name authority file,France. Armée. Méharistes,http://id.loc.gov/authorities/names/n93039597, 1357
26,France. Armée. Tirailleurs sénégalais,,library of congress name authority file,France. Armée. Tirailleurs sénégalais,http://id.loc.gov/authorities/names/n85073938, 1358
27,France. Armée. Troupes coloniales,,library of congress name authority file,France. Armée. Troupes coloniales,http://id.loc.gov/authorities/names/n87131624, 1359
29,Exposition coloniale de Marseille (1906),,library of congress name authority file,Exposition coloniale de Marseille (1906),http://id.loc.gov/authorities/names/nr95013596, 1360
31,Exposition coloniale internationale de Paris (1931),,library of congress name authority file,Exposition coloniale internationale de Paris (1931),http://id.loc.gov/authorities/names/n84187744, 1361
32,A.D.I.A.,,,A.D.I.A.,http://id.loc.gov/authorities/names/n80125215, 1362
37,Casino (Firm),,library of congress name authority file,Casino (Firm),http://id.loc.gov/authorities/names/nb2006006474, 1363
44,Combier Imprimeur Mâcon,,library of congress name authority file,Combier Imprimeur Mâcon,http://id.loc.gov/authorities/names/nb2006007709, 1364
48,Eckstein-Halpaus,,library of congress name authority file,Eckstein-Halpaus,http://id.loc.gov/authorities/names/n91076515, 1365
50,"Imagerie Pellerin (Épinal, France)",,library of congress name authority file,"Imagerie Pellerin (Épinal, France)",http://id.loc.gov/authorities/names/n85240571, 1366
55,"Office algérien d""action economique et touristique",,,"Office algérien d""action economique et touristique",http://id.loc.gov/authorities/names/no94021782, 1367
62,Brooklyn Museum,,library of congress name authority file,Brooklyn Museum,http://id.loc.gov/authorities/names/n79063288, 1368
64,Tennessee Valley Authority,,library of congress name authority file,Tennessee Valley Authority,http://id.loc.gov/authorities/names/n80126249, 1369
65,Nicholas Grimshaw and Partners,,library of congress name authority file,Nicholas Grimshaw and Partners,http://id.loc.gov/authorities/names/n92038111, 1370
66,"Bauhaus-Archiv, Museum für Gestaltung",,library of congress name authority file,"Bauhaus-Archiv, Museum für Gestaltung",http://id.loc.gov/authorities/names/n80129378, 1371
69,Henry E. Huntington Library and Art Gallery,,library of congress name authority file,Henry E. Huntington Library and Art Gallery,http://id.loc.gov/authorities/names/n79049138, 1372
70,New York University. Institute of Fine Arts,,library of congress name authority file,New York University. Institute of Fine Arts,http://id.loc.gov/authorities/names/n81032832, 1373
71,Tamarind Lithography Workshop,,library of congress name authority file,Tamarind Lithography Workshop,http://id.loc.gov/authorities/names/n50067401, 1374
74,Virginia Steele Scott Gallery,,library of congress name authority file,Virginia Steele Scott Gallery,http://id.loc.gov/authorities/names/n87945353, 1375
76,Kennedy Galleries,,library of congress name authority file,Kennedy Galleries,http://id.loc.gov/authorities/names/n79058452, 1376
77,Vose Galleries of Boston,,library of congress name authority file,Vose Galleries of Boston,http://id.loc.gov/authorities/names/n85813791, 1377
78,Galerie Bonnier,,library of congress name authority file,Galerie Bonnier,http://id.loc.gov/authorities/names/n85813086, 1378
79,"Svensk-franska konstgalleriet (Stockholm, Sweden) ",,library of congress name authority file,"Svensk-franska konstgalleriet (Stockholm, Sweden) ",http://id.loc.gov/authorities/names/no93021466, 1379
81,Galerie Durand-Ruel,,library of congress name authority file,Galerie Durand-Ruel,http://id.loc.gov/authorities/names/n50058608, 1380
82,Galerie Louis Carré,,library of congress name authority file,Galerie Louis Carré,http://id.loc.gov/authorities/names/n81119781, 1381
84,Musèe Rodin,,library of congress name authority file,Musèe Rodin,http://id.loc.gov/authorities/names/n50054666, 1382
85,Arnoldo Mondadori editore,,library of congress name authority file,Arnoldo Mondadori editore,http://id.loc.gov/authorities/names/n50005113, 1383
86,Bompiani (Firm),,library of congress name authority file,Bompiani (Firm),http://id.loc.gov/authorities/names/n81084621, 1384
88,Beaulieu Abbey,,library of congress name authority file,Beaulieu Abbey,http://id.loc.gov/authorities/names/n50077068, 1385
91,"St. Mary""s Hospital (Chichester, England)",,,"St. Mary""s Hospital (Chichester, England)",http://id.loc.gov/authorities/names/nb2017022504, 1386
94,United States. Army ,,library of congress name authority file,United States. Army ,http://id.loc.gov/authorities/names/n79063202, 1387
95,Musée des arts décoratifs (France),,library of congress name authority file,Musée des arts décoratifs (France),http://id.loc.gov/authorities/names/n80046802, 1388
96,"Union centrale des arts décoratifs (Paris, France)",,library of congress name authority file,"Union centrale des arts décoratifs (Paris, France)",http://id.loc.gov/authorities/names/n50056281, 1389
97,"Exposition universelle de 1889 (Paris, France)",,library of congress name authority file,"Exposition universelle de 1889 (Paris, France)",http://id.loc.gov/authorities/names/n83172132, 1390
99,International Congresses for Modern Architecture. Belgian Section ,,library of congress name authority file,International Congresses for Modern Architecture. Belgian Section ,http://id.loc.gov/authorities/names/nr2002021394, 1391
101,Team 10,,library of congress name authority file,Team 10,http://id.loc.gov/authorities/names/n91090111, 1392
112,8 (Group of architects),,library of congress name authority file,8 (Group of architects),http://id.loc.gov/authorities/names/nr98003293, 1393
113,ASCORAL,,library of congress name authority file,ASCORAL,http://id.loc.gov/authorities/names/nr2002021314, 1394
114,British Council (Belgium),,library of congress name authority file,British Council (Belgium),http://id.loc.gov/authorities/names/nb2006022989, 1395
116,Modern Architectural Research Group,,library of congress name authority file,Modern Architectural Research Group,http://id.loc.gov/authorities/names/no88001581, 1396
117,Opbouw (Group of architects),,library of congress name authority file,Opbouw (Group of architects),http://id.loc.gov/authorities/names/nr98003302, 1397
118,Mayor Gallery,,library of congress name authority file,Mayor Gallery,http://id.loc.gov/authorities/names/n82109882, 1398
119,Museo del Prado,,library of congress name authority file,Museo del Prado,http://id.loc.gov/authorities/names/n79064568, 1399
120,Tate Gallery,,library of congress name authority file,Tate Gallery,http://id.loc.gov/authorities/names/n80046785, 1400
121,William and Noma Copley Foundation,,library of congress name authority file,William and Noma Copley Foundation,http://id.loc.gov/authorities/names/no97002407, 1401
127,Galerie Georges Petit,,library of congress name authority file,Galerie Georges Petit,http://id.loc.gov/authorities/names/n81060022, 1402
131,"Society of Dilettanti (London, England)",,library of congress name authority file,"Society of Dilettanti (London, England)",http://id.loc.gov/authorities/names/no2003029573, 1403
133,Durlacher Bros.,,library of congress name authority file,Durlacher Bros.,http://id.loc.gov/authorities/names/nr98039061, 1404
134,Duveen Brothers,,library of congress name authority file,Duveen Brothers,http://id.loc.gov/authorities/names/nr97027536, 1405
135,"F. Kleinberger Galleries (New York, N.Y.) ",,library of congress name authority file,"F. Kleinberger Galleries (New York, N.Y.) ",http://id.loc.gov/authorities/names/n2006165845, 1406
136,"Wildenstein and Company (New York, N.Y.)",,library of congress name authority file,"Wildenstein and Company (New York, N.Y.)",http://id.loc.gov/authorities/names/n50052707, 1407
137,Thos. Agnew and Sons Ltd.,,library of congress name authority file,Thos. Agnew and Sons Ltd.,http://id.loc.gov/authorities/names/n78013823, 1408
141,Deutscher Kunstverlag,,library of congress name authority file,Deutscher Kunstverlag,http://id.loc.gov/authorities/names/n81123410, 1409
142,Deutscher Werkbund,,library of congress name authority file,Deutscher Werkbund,http://id.loc.gov/authorities/names/n50065876, 1410
144,"Nicholas Roerich Museum (New York, N.Y.)",,library of congress name authority file,"Nicholas Roerich Museum (New York, N.Y.)",http://id.loc.gov/authorities/names/n87143306, 1411
149,Eisenman Architects,,library of congress name authority file,Eisenman Architects,http://id.loc.gov/authorities/names/n91123614, 1412
150,British Museum,,library of congress name authority file,British Museum,http://id.loc.gov/authorities/names/n79107735, 1413
151,Ayasofya Müzesi,,library of congress name authority file,Ayasofya Müzesi,http://id.loc.gov/authorities/names/n79058868, 1414
152,Harvard University. Graduate School of Design,,library of congress name authority file,Harvard University. Graduate School of Design,http://id.loc.gov/authorities/names/n79107884, 1415
153,Washington Cathedral,,library of congress name authority file,Washington Cathedral,http://id.loc.gov/authorities/names/n79058423, 1416
155,Banyan Press,,library of congress name authority file,Banyan Press,http://id.loc.gov/authorities/names/n88045032, 1417
156,Bennington College,,library of congress name authority file,Bennington College,http://id.loc.gov/authorities/names/n80103752, 1418
157,Betty Parsons Gallery,,library of congress name authority file,Betty Parsons Gallery,http://id.loc.gov/authorities/names/n88611780, 1419
158,Gotham Book Mart,,library of congress name authority file,Gotham Book Mart,http://id.loc.gov/authorities/names/n50071766, 1420
159,Grolier Club,,library of congress name authority file,Grolier Club,http://id.loc.gov/authorities/names/n80085246, 1421
160,Jargon Society,,library of congress name authority file,Jargon Society,http://id.loc.gov/authorities/names/n83190457, 1422
161,New York Public Library,,library of congress name authority file,New York Public Library,http://id.loc.gov/authorities/names/n79033065, 1423
162,Elmer Holmes Bobst Library,,library of congress name authority file,Elmer Holmes Bobst Library,http://id.loc.gov/authorities/names/n86863821, 1424
163,Stinehour Press,,library of congress name authority file,Stinehour Press,http://id.loc.gov/authorities/names/n85349186, 1425
164,"Living Theatre (New York, N.Y.)",,library of congress name authority file,"Living Theatre (New York, N.Y.)",http://id.loc.gov/authorities/names/n50051175, 1426
166,Edizioni futuriste di Poesia,,library of congress name authority file,Edizioni futuriste di Poesia,http://id.loc.gov/authorities/names/no2009206122, 1427
169,Abdullah frères,,library of congress name authority file,Abdullah frères,http://id.loc.gov/authorities/names/no98113334, 1428
170,Apollon (Firm),,library of congress name authority file,Apollon (Firm),http://id.loc.gov/authorities/names/no2010101417, 1429
172,Mandrágora (Group),,library of congress name authority file,Mandrágora (Group),http://id.loc.gov/authorities/names/n95097127, 1430
173,Phaidon Press,,library of congress name authority file,Phaidon Press,http://id.loc.gov/authorities/names/n88072135, 1431
174,Barnard College,,library of congress name authority file,Barnard College,http://id.loc.gov/authorities/names/n79065105, 1432
175,Carnegie Museum of Art,,library of congress name authority file,Carnegie Museum of Art,http://id.loc.gov/authorities/names/n88065070, 1433
178,"Columbia College (New York, N.Y.)",,library of congress name authority file,"Columbia College (New York, N.Y.)",http://id.loc.gov/authorities/names/n84136055, 1434
179,Dorotheum (Firm),,library of congress name authority file,Dorotheum (Firm),http://id.loc.gov/authorities/names/n83214362, 1435
180,"Galerie Meissner (Zurich, Switzerland)",,library of congress name authority file,"Galerie Meissner (Zurich, Switzerland)",http://id.loc.gov/authorities/names/n85287551, 1436
182,Heim Gallery,,library of congress name authority file,Heim Gallery,http://id.loc.gov/authorities/names/n50065712, 1437
183,Historians of Netherlandish Art,,library of congress name authority file,Historians of Netherlandish Art,http://id.loc.gov/authorities/names/nr92006392, 1438
185,National Gallery of Art (U.S.),,library of congress name authority file,National Gallery of Art (U.S.),http://id.loc.gov/authorities/names/n79054426, 1439
186,Newhouse Galleries,,library of congress name authority file,Newhouse Galleries,http://id.loc.gov/authorities/names/n86812407, 1440
187,"Norton Simon, Inc. Foundation ",,library of congress name authority file,"Norton Simon, Inc. Foundation ",http://id.loc.gov/authorities/names/no2011010694, 1441
188,Pierpont Morgan Library,,library of congress name authority file,Pierpont Morgan Library,http://id.loc.gov/authorities/names/n78095799, 1442
189,Ponce Art Museum,,library of congress name authority file,Ponce Art Museum,http://id.loc.gov/authorities/names/n85007594, 1443
190,Princeton University Press,,library of congress name authority file,Princeton University Press,http://id.loc.gov/authorities/names/n80137807, 1444
193,"Sotheby""s (Firm)",,library of congress name authority file,"Sotheby""s (Firm)",http://id.loc.gov/authorities/names/n84160976, 1445
194,Sterling and Francine Clark Art Institute,,library of congress name authority file,Sterling and Francine Clark Art Institute,http://id.loc.gov/authorities/names/n78096939, 1446
195,Williams College,,library of congress name authority file,Williams College,http://id.loc.gov/authorities/names/n79056597, 1447
204,Something Else Press,,library of congress name authority file,Something Else Press,http://id.loc.gov/authorities/names/n83024327, 1448
205,Unpublished Editions (Firm) ,,library of congress name authority file,Unpublished Editions (Firm) ,http://id.loc.gov/authorities/names/no2004000177, 1449
206,Field Museum of Natural History,,library of congress name authority file,Field Museum of Natural History,http://id.loc.gov/authorities/names/n79066352, 1450
207,"New York World""s Fair (1939-1940)",,library of congress name authority file,"New York World""s Fair (1939-1940)",http://id.loc.gov/authorities/names/n82144169, 1451
209,Armand Hammer Museum of Art and Cultural Center,,library of congress name authority file,Armand Hammer Museum of Art and Cultural Center,http://id.loc.gov/authorities/names/nr91027284, 1452
210,Art Institute of Chicago,,library of congress name authority file,Art Institute of Chicago,http://id.loc.gov/authorities/names/n78096940, 1453
211,Fort Worth Art Center-Museum,,library of congress name authority file,Fort Worth Art Center-Museum,http://id.loc.gov/authorities/names/n80033902, 1454
213,Los Angeles County Museum of Art,,library of congress name authority file,Los Angeles County Museum of Art,http://id.loc.gov/authorities/names/n78097041, 1455
214,San Francisco Museum of Modern Art,,library of congress name authority file,San Francisco Museum of Modern Art,http://id.loc.gov/authorities/names/n79139490, 1456
216,"University of California, Los Angeles. Oral History Program",,library of congress name authority file,"University of California, Los Angeles. Oral History Program",http://id.loc.gov/authorities/names/n50051003, 1457
218,Miami International Airport,,library of congress name authority file,Miami International Airport,http://id.loc.gov/authorities/names/n50075033, 1458
222,"Real Museo borbonico (Naples, Italy)",,library of congress name authority file,"Real Museo borbonico (Naples, Italy)",http://id.loc.gov/authorities/names/no90024918, 1459
225,"Comédie-Italienne (Paris, France)",,library of congress name authority file,"Comédie-Italienne (Paris, France)",http://id.loc.gov/authorities/names/n89642527, 1460
226,Teatro della Pergola,,library of congress name authority file,Teatro della Pergola,http://id.loc.gov/authorities/names/n2002074515, 1461
227,"Teatro Farnese (Parma, Italy)",,library of congress name authority file,"Teatro Farnese (Parma, Italy)",http://id.loc.gov/authorities/names/n88020905, 1462
229,"Teatro regio (Parma, Italy)",,library of congress name authority file,"Teatro regio (Parma, Italy)",http://id.loc.gov/authorities/names/n81141864, 1463
230,"Théâtre-Italien (Paris, France)",,library of congress name authority file,"Théâtre-Italien (Paris, France)",http://id.loc.gov/authorities/names/n50079464, 1464
232,Wiener Kunstgewerbe-Schule,,library of congress name authority file,Wiener Kunstgewerbe-Schule,http://id.loc.gov/authorities/names/no2006001125, 1465
234,Wiener Werkstätte,,library of congress name authority file,Wiener Werkstätte,http://id.loc.gov/authorities/names/n79120906, 1466
242,"Brücke (Artists"" group)",,library of congress name authority file,"Brücke (Artists"" group)",http://id.loc.gov/authorities/names/n80128691, 1467
243,Neue Künstlervereinigung München,,library of congress name authority file,Neue Künstlervereinigung München,http://id.loc.gov/authorities/names/n84111899, 1468
245,Rossiĭskai︠a︡ akademii︠a︡ khudozhestvennykh nauk,,library of congress name authority file,Rossiĭskai︠a︡ akademii︠a︡ khudozhestvennykh nauk,http://id.loc.gov/authorities/names/n87856837, 1469
246,Germanisches Nationalmuseum Nürnberg,,library of congress name authority file,Germanisches Nationalmuseum Nürnberg,http://id.loc.gov/authorities/names/n81047063, 1470
247,Piper Verlag,,library of congress name authority file,Piper Verlag,http://id.loc.gov/authorities/names/n94078357, 1471
249,Sonderbund Westdeutscher Kunstfreunde und Künstler,,library of congress name authority file,Sonderbund Westdeutscher Kunstfreunde und Künstler,http://id.loc.gov/authorities/names/n82256822, 1472
252,Kasmin Limited,,,Kasmin Limited,http://id.loc.gov/authorities/names/no2012098570, 1473
253,"Bibliotheca Hertziana, Max-Planck-Institut",,library of congress name authority file,"Bibliotheca Hertziana, Max-Planck-Institut",http://id.loc.gov/authorities/names/n84012987, 1474
254,Cleveland Museum of Art,,library of congress name authority file,Cleveland Museum of Art,http://id.loc.gov/authorities/names/n78087650, 1475
255,"Chiesa della Martorana (Palermo, Italy)",,library of congress name authority file,"Chiesa della Martorana (Palermo, Italy)",http://id.loc.gov/authorities/names/n88232772, 1476
256,Duomo di Monreale,,library of congress name authority file,Duomo di Monreale,http://id.loc.gov/authorities/names/n86002542, 1477
259,Dumbarton Oaks,,library of congress name authority file,Dumbarton Oaks,http://id.loc.gov/authorities/names/n80061150, 1478
261,Centro de Artes Visuales (Instituto Torcuato Di Tella),,library of congress name authority file,Centro de Artes Visuales (Instituto Torcuato Di Tella),http://id.loc.gov/authorities/names/n50062286, 1479
262,Bienal Internacional de São Paulo,,library of congress name authority file,Bienal Internacional de São Paulo,http://id.loc.gov/authorities/names/n81126531, 1480
263,Jüdisches Museum im Berlin Museum,,library of congress name authority file,Jüdisches Museum im Berlin Museum,http://id.loc.gov/authorities/names/n94053898, 1481
264,VKhUTEMAS (Art school) ,,library of congress name authority file,VKhUTEMAS (Art school) ,http://id.loc.gov/authorities/names/n91040072, 1482
265,Bantam Books (Firm),,library of congress name authority file,Bantam Books (Firm),http://id.loc.gov/authorities/names/n83120388, 1483
266,Bundesarchiv (Germany),,library of congress name authority file,Bundesarchiv (Germany),http://id.loc.gov/authorities/names/n92025526, 1484
267,Deutsche Gesellschaft für Photographie,,library of congress name authority file,Deutsche Gesellschaft für Photographie,http://id.loc.gov/authorities/names/n84078523, 1485
269,Imperial War Museum (Great Britain),,library of congress name authority file,Imperial War Museum (Great Britain),http://id.loc.gov/authorities/names/n80044915, 1486
270,Landesbildstelle Berlin,,library of congress name authority file,Landesbildstelle Berlin,http://id.loc.gov/authorities/names/n81035971, 1487
271,Macmillan Publishing Company,,library of congress name authority file,Macmillan Publishing Company,http://id.loc.gov/authorities/names/n80079865, 1488
272,"Museum of Modern Art (New York, N.Y.)",,library of congress name authority file,"Museum of Modern Art (New York, N.Y.)",http://id.loc.gov/authorities/names/n79021281, 1489
273,"Simon and Schuster, inc.",,library of congress name authority file,"Simon and Schuster, inc.",http://id.loc.gov/authorities/names/n50069568, 1490
274,Staatsbibliothek zu Berlin—Preussischer Kulturbesitz,,library of congress name authority file,Staatsbibliothek zu Berlin—Preussischer Kulturbesitz,http://id.loc.gov/authorities/names/n93088802, 1491
275,Süddeutscher Verlag ,,library of congress name authority file,Süddeutscher Verlag ,http://id.loc.gov/authorities/names/no2001054909, 1492
276,Time-Life Books ,,library of congress name authority file,Time-Life Books ,http://id.loc.gov/authorities/names/n78095365, 1493
277,Washington National Records Center (U.S.),,library of congress name authority file,Washington National Records Center (U.S.),http://id.loc.gov/authorities/names/n87926496, 1494
278,"Galerie Paul Maenz (Cologne, Germany)",,library of congress name authority file,"Galerie Paul Maenz (Cologne, Germany)",http://id.loc.gov/authorities/names/n86119731, 1495
280,Endart (Group of artists) ,,library of congress name authority file,Endart (Group of artists) ,http://id.loc.gov/authorities/names/n97004505, 1496
281,Editions Sansot,,library of congress name authority file,Editions Sansot,http://id.loc.gov/authorities/names/no98073083, 1497
287,"Liebig""s Extract of Meat Company",,library of congress name authority file,"Liebig""s Extract of Meat Company",http://id.loc.gov/authorities/names/n87890560, 1498
291,Friends of Photography,,library of congress name authority file,Friends of Photography,http://id.loc.gov/authorities/names/n79084321, 1499
292,George Eastman House,,library of congress name authority file,George Eastman House,http://id.loc.gov/authorities/names/n79086438, 1500
293,Salzburg Seminar,,library of congress name authority file,Salzburg Seminar,http://id.loc.gov/authorities/names/n94056244, 1501
295,University of New Mexico,,library of congress name authority file,University of New Mexico,http://id.loc.gov/authorities/names/n79021418, 1502
296,American Oriental Society,,library of congress name authority file,American Oriental Society,http://id.loc.gov/authorities/names/n50064158, 1503
297,"Alfred A. Knopf, Inc.",,library of congress name authority file,"Alfred A. Knopf, Inc.",http://id.loc.gov/authorities/names/n50062227, 1504
298,Cornell University Press,,,Cornell University Press,http://id.loc.gov/authorities/names/no2013063402, 1505
299,Pantheon Books,,library of congress name authority file,Pantheon Books,http://id.loc.gov/authorities/names/n83139886, 1506
300,Sansoni (Firm),,library of congress name authority file,Sansoni (Firm),http://id.loc.gov/authorities/names/n81041917, 1507
301,University of California Press,,library of congress name authority file,University of California Press,http://id.loc.gov/authorities/names/n82118305, 1508
302,Tiffany and Company,,library of congress name authority file,Tiffany and Company,http://id.loc.gov/authorities/names/n80118439, 1509
303,Architectural Association (Great Britain),,library of congress name authority file,Architectural Association (Great Britain),http://id.loc.gov/authorities/names/n80089971, 1510
305,Courtauld Institute of Art,,library of congress name authority file,Courtauld Institute of Art,http://id.loc.gov/authorities/names/n50045627, 1511
306,"Gemäldegalerie (Dresden, Germany)",,library of congress name authority file,"Gemäldegalerie (Dresden, Germany)",http://id.loc.gov/authorities/names/n50065755, 1512
307,Great Britain. Royal Fine Art Commission,,library of congress name authority file,Great Britain. Royal Fine Art Commission,http://id.loc.gov/authorities/names/nr88006908, 1513
308,Jerusalem Committee,,library of congress name authority file,Jerusalem Committee,http://id.loc.gov/authorities/names/n84200633, 1514
309,Omega Workshops,,library of congress name authority file,Omega Workshops,http://id.loc.gov/authorities/names/n82131599, 1515
310,Penguin (Firm),,library of congress name authority file,Penguin (Firm),http://id.loc.gov/authorities/names/n50010791, 1516
311,University of Cambridge,,library of congress name authority file,University of Cambridge,http://id.loc.gov/authorities/names/n79018862, 1517
312,University of London,,library of congress name authority file,University of London,http://id.loc.gov/authorities/names/n79074298, 1518
313,University of Oxford,,library of congress name authority file,University of Oxford,http://id.loc.gov/authorities/names/n79095521, 1519
315,Peggy Guggenheim Collection,,library of congress name authority file,Peggy Guggenheim Collection,http://id.loc.gov/authorities/names/n83192968, 1520
316,C.H. Boehringer Sohn,,library of congress name authority file,C.H. Boehringer Sohn,http://id.loc.gov/authorities/names/n82022680, 1521
317,Deutsche Spiegelglas A.G.,,library of congress name authority file,Deutsche Spiegelglas A.G.,http://id.loc.gov/authorities/names/n82166700, 1522
319,Gesellschaft Deutscher Lichtbildner,,library of congress name authority file,Gesellschaft Deutscher Lichtbildner,http://id.loc.gov/authorities/names/n82255670, 1523
321,Museum Folkwang Essen,,library of congress name authority file,Museum Folkwang Essen,http://id.loc.gov/authorities/names/n50065358, 1524
322,Verlag Herder,,library of congress name authority file,Verlag Herder,http://id.loc.gov/authorities/names/n80152854, 1525
324,Deutsche Buch-Gemeinschaft,,library of congress name authority file,Deutsche Buch-Gemeinschaft,http://id.loc.gov/authorities/names/n95108793, 1526
325,Deutscher Werkbund Berlin,,library of congress name authority file,Deutscher Werkbund Berlin,http://id.loc.gov/authorities/names/n84238626, 1527
328,"Fagus-Werk (Alfeld, Lower Saxony, Germany)",,library of congress name authority file,"Fagus-Werk (Alfeld, Lower Saxony, Germany)",http://id.loc.gov/authorities/names/n98112857, 1528
329,Focal Press,,,Focal Press,http://id.loc.gov/authorities/names/no2011137851, 1529
331,"Krupp Stahl AG. Werk (Rheinhausen, Duisburg, Germany)",,library of congress name authority file,"Krupp Stahl AG. Werk (Rheinhausen, Duisburg, Germany)",http://id.loc.gov/authorities/names/n90663568, 1530
335,Photographische Gesellschaft in Wien,,library of congress name authority file,Photographische Gesellschaft in Wien,http://id.loc.gov/authorities/names/nr91026294, 1531
338,Staatliche Kunstakademie Düsseldorf,,library of congress name authority file,Staatliche Kunstakademie Düsseldorf,http://id.loc.gov/authorities/names/n82060134, 1532
339,Sydslesvigs danske kunstforening,,library of congress name authority file,Sydslesvigs danske kunstforening,http://id.loc.gov/authorities/names/n82134696, 1533
345,United States. Works Progress Administration,,library of congress name authority file,United States. Works Progress Administration,http://id.loc.gov/authorities/names/n81081809, 1534
346,United States. Office of War Information ,,library of congress name authority file,United States. Office of War Information ,http://id.loc.gov/authorities/names/n50062845, 1535
347,New York School of Art,,library of congress name authority file,New York School of Art,http://id.loc.gov/authorities/names/n00020504, 1536
352,"Schaeffer Galleries (New York, N.Y.)",,library of congress name authority file,"Schaeffer Galleries (New York, N.Y.)",http://id.loc.gov/authorities/names/nr2005014697, 1537
354,Teikoku Hoteru,,library of congress name authority file,Teikoku Hoteru,http://id.loc.gov/authorities/names/n82024268, 1538
356,Taliesin Fellowship,,library of congress name authority file,Taliesin Fellowship,http://id.loc.gov/authorities/names/n91031946, 1539
357,"Unitarian Universalist Church in Oak Park (Oak Park, Ill.) ",,library of congress name authority file,"Unitarian Universalist Church in Oak Park (Oak Park, Ill.) ",http://id.loc.gov/authorities/names/no2010137511, 1540
359,"Annunciation Greek Orthodox Church (Milwaukee, Wis.)",,library of congress name authority file,"Annunciation Greek Orthodox Church (Milwaukee, Wis.)",http://id.loc.gov/authorities/names/n85373363, 1541
361,"Wayfarers Chapel (Rancho Palos Verdes, Calif.) ",,library of congress name authority file,"Wayfarers Chapel (Rancho Palos Verdes, Calif.) ",http://id.loc.gov/authorities/names/n96056944, 1542
362,Frank Lloyd Wright Foundation,,library of congress name authority file,Frank Lloyd Wright Foundation,http://id.loc.gov/authorities/names/n50069788, 1543
363,"Sears, Roebuck and Company",,library of congress name authority file,"Sears, Roebuck and Company",http://id.loc.gov/authorities/names/n79129205, 1544
366,"Case Study House No. 9 (Los Angeles, Calif.)",,library of congress name authority file,"Case Study House No. 9 (Los Angeles, Calif.)",http://id.loc.gov/authorities/names/n98030235, 1545
392,Williams and Williams,,local,Williams and Williams,http://id.loc.gov/authorities/names/no2008160670, 1546
398,"Société des artistes indépendants (Paris, France)",,library of congress name authority file,"Société des artistes indépendants (Paris, France)",http://id.loc.gov/authorities/names/n81028938, 1547
401,Internationale situationniste,,library of congress name authority file,Internationale situationniste,http://id.loc.gov/authorities/names/n82163080, 1548
402,Soviet Union—Red Army,,ingest,Soviet Union—Red Army,http://id.loc.gov/authorities/names/n80126258, 1549
406,Committee to Defend America by Aiding the Allies,,library of congress name authority file,Committee to Defend America by Aiding the Allies,http://id.loc.gov/authorities/names/n93023784, 1550
408,Frick Collection,,library of congress name authority file,Frick Collection,http://id.loc.gov/authorities/names/n80044956, 1551
409,Barnes Foundation,,library of congress name authority file,Barnes Foundation,http://id.loc.gov/authorities/names/n81124896, 1552
410,M.H. De Young Memorial Museum ,,library of congress name authority file,M.H. De Young Memorial Museum ,http://id.loc.gov/authorities/names/n80051192, 1553
413,"Barbizon House (London, England)",,library of congress name authority file,"Barbizon House (London, England)",http://id.loc.gov/authorities/names/no2001066922, 1554
414,"French Gallery (London, England)",,library of congress name authority file,"French Gallery (London, England)",http://id.loc.gov/authorities/names/n83013587, 1555
415,Goupil Gallery,,library of congress name authority file,Goupil Gallery,http://id.loc.gov/authorities/names/n79024603, 1556
420,Cine Club del Uruguay,,library of congress name authority file,Cine Club del Uruguay,http://id.loc.gov/authorities/names/nr96006970, 1557
421,John Simon Guggenheim Memorial Foundation,,library of congress name authority file,John Simon Guggenheim Memorial Foundation,http://id.loc.gov/authorities/names/n50082525, 1558
422,Taller Torres-García,,library of congress name authority file,Taller Torres-García,http://id.loc.gov/authorities/names/n91052279, 1559
425,Gebr. Fretz (Firm),,library of congress name authority file,Gebr. Fretz (Firm),http://id.loc.gov/authorities/names/nr96027352, 1560
426,"New Museum of Contemporary Art (New York, N.Y.)",,library of congress name authority file,"New Museum of Contemporary Art (New York, N.Y.)",http://id.loc.gov/authorities/names/n84148196, 1561
427,Whitney Museum of American Art,,library of congress name authority file,Whitney Museum of American Art,http://id.loc.gov/authorities/names/n79032811, 1562
428,Merce Cunningham Dance Company,,library of congress name authority file,Merce Cunningham Dance Company,http://id.loc.gov/authorities/names/nr96001835, 1563
429,Museo Nacional de México,,library of congress name authority file,Museo Nacional de México,http://id.loc.gov/authorities/names/no88000455, 1564
430,Vienna International Exhibition (1873),,library of congress name authority file,Vienna International Exhibition (1873),http://id.loc.gov/authorities/names/n85085328, 1565
431,Vizetelly and Company (1850-1855),,library of congress name authority file,Vizetelly and Company (1850-1855),http://id.loc.gov/authorities/names/nr00000797, 1566
435,Pagnerre (Firm) ,,library of congress name authority file,Pagnerre (Firm) ,http://id.loc.gov/authorities/names/no2008082820, 1567
436,VKhUTEIN (Art School) ,,library of congress name authority file,VKhUTEIN (Art School) ,http://id.loc.gov/authorities/names/n97023135, 1568
437,International Congress for Modern Architecture,,,International Congress for Modern Architecture,http://id.loc.gov/authorities/names/n79089248, 1569
442,Alfred Schmela Galerie,,library of congress name authority file,Alfred Schmela Galerie,http://id.loc.gov/authorities/names/n97037588, 1570
443,"Galleria dell""Ariete",,library of congress name authority file,"Galleria dell""Ariete",http://id.loc.gov/authorities/names/nr99020738, 1571
451,Harrison Price Company,,library of congress name authority file,Harrison Price Company,http://id.loc.gov/authorities/names/n82206404, 1572
452,"Texaco, inc.",,library of congress name authority file,"Texaco, inc.",http://id.loc.gov/authorities/names/n79032259, 1573
453,Pennzoil Company,,library of congress name authority file,Pennzoil Company,http://id.loc.gov/authorities/names/n79094679, 1574
454,Skidmore College,,library of congress name authority file,Skidmore College,http://id.loc.gov/authorities/names/n81063529, 1575
455,Hyde Collection Art Museum,,library of congress name authority file,Hyde Collection Art Museum,http://id.loc.gov/authorities/names/nr2001031831, 1576
463,University of Southern California,,library of congress name authority file,University of Southern California,http://id.loc.gov/authorities/names/n79006531, 1577
467,Denver Art Museum,,library of congress name authority file,Denver Art Museum,http://id.loc.gov/authorities/names/n79055441, 1578
481,Museum Educational Site Licensing Project,,library of congress name authority file,Museum Educational Site Licensing Project,http://id.loc.gov/authorities/names/n98002258, 1579
482,Andrew W. Mellon Foundation,,library of congress name authority file,Andrew W. Mellon Foundation,http://id.loc.gov/authorities/names/n50054057, 1580
483,Library of Congress,,library of congress name authority file,Library of Congress,http://id.loc.gov/authorities/names/n78089035, 1581
484,"University of California, Los Angeles. Fowler Museum of Cultural History",,library of congress name authority file,"University of California, Los Angeles. Fowler Museum of Cultural History",http://id.loc.gov/authorities/names/n91079069, 1582
485,MUSE Film and Television,,library of congress name authority file,MUSE Film and Television,http://id.loc.gov/authorities/names/nr94042756, 1583
486,Harvard University. Art Museums,,library of congress name authority file,Harvard University. Art Museums,http://id.loc.gov/authorities/names/n82241898, 1584
487,"Museum of Fine Arts, Houston",,library of congress name authority file,"Museum of Fine Arts, Houston",http://id.loc.gov/authorities/names/n80120520, 1585
488,National Museum of American Art (U.S.),,library of congress name authority file,National Museum of American Art (U.S.),http://id.loc.gov/authorities/names/n81062959, 1586
489,"American University (Washington, D.C.)",,library of congress name authority file,"American University (Washington, D.C.)",http://id.loc.gov/authorities/names/n79043476, 1587
491,Cornell University,,library of congress name authority file,Cornell University,http://id.loc.gov/authorities/names/n79021621, 1588
492,University of Illinois at Urbana-Champaign,,library of congress name authority file,University of Illinois at Urbana-Champaign,http://id.loc.gov/authorities/names/n79049103, 1589
493,University of Maryland at College Park,,library of congress name authority file,University of Maryland at College Park,http://id.loc.gov/authorities/names/no89012321, 1590
494,University of Michigan,,library of congress name authority file,University of Michigan,http://id.loc.gov/authorities/names/n79021846, 1591
495,University of Virginia,,library of congress name authority file,University of Virginia,http://id.loc.gov/authorities/names/n79053979, 1592
498,Gruen Associates,,library of congress name authority file,Gruen Associates,http://id.loc.gov/authorities/names/n80145270, 1593
503,Maki and Associates,,library of congress name authority file,Maki and Associates,http://id.loc.gov/authorities/names/nr97036942, 1594
505,Venturi Scott Brown and Associates,,library of congress name authority file,Venturi Scott Brown and Associates,http://id.loc.gov/authorities/names/nr92030585, 1595
506,Brown University. . Institute for Research in Information and Scholarship,,library of congress name authority file,Brown University. . Institute for Research in Information and Scholarship,http://id.loc.gov/authorities/names/nr88011961, 1596
513,J. Paul Getty Trust. Public Affairs Department,,library of congress name authority file,J. Paul Getty Trust. Public Affairs Department,http://id.loc.gov/authorities/names/no99013933, 1597
520,Long Beach Museum of Art,,library of congress name authority file,Long Beach Museum of Art,http://id.loc.gov/authorities/names/n50044095, 1598
521,Einsatzstab Reichsleiter Rosenberg für die Besetzten Gebiete,,library of congress name authority file,Einsatzstab Reichsleiter Rosenberg für die Besetzten Gebiete,http://id.loc.gov/authorities/names/n95112083, 1599
523,Kunsthaus Lempertz,,library of congress name authority file,Kunsthaus Lempertz,http://id.loc.gov/authorities/names/n82058500, 1600
524,Stuttgarter Kunstkabinett,,library of congress name authority file,Stuttgarter Kunstkabinett,http://id.loc.gov/authorities/names/nr90011094, 1601
525,Verlag Das Beste GmbH,,library of congress name authority file,Verlag Das Beste GmbH,http://id.loc.gov/authorities/names/n50074892, 1602
526,Ernst Barlach Gesellschaft,,library of congress name authority file,Ernst Barlach Gesellschaft,http://id.loc.gov/authorities/names/n82203853, 1603
529,Galerie Fischer,,library of congress name authority file,Galerie Fischer,http://id.loc.gov/authorities/names/n83227232, 1604
530,"Woman""s Building (Los Angeles, Calif.)",,library of congress name authority file,"Woman""s Building (Los Angeles, Calif.)",http://id.loc.gov/authorities/names/n84184746, 1605
534,Svenska institutet i Athen,,library of congress name authority file,Svenska institutet i Athen,http://id.loc.gov/authorities/names/n50079773, 1606
548,Guerrilla Girls (Group of artists),,library of congress name authority file,Guerrilla Girls (Group of artists),http://id.loc.gov/authorities/names/no94020236, 1607
549,Studio International (Firm),,library of congress name authority file,Studio International (Firm),http://id.loc.gov/authorities/names/no2008030361, 1608
551,Mouvement lettriste,,library of congress name authority file,Mouvement lettriste,http://id.loc.gov/authorities/names/no2009000056, 1609
552,Kunstarchiv Arntz,,library of congress name authority file,Kunstarchiv Arntz,http://id.loc.gov/authorities/names/n81046530, 1610
554,Getty Art History Information Program . Art and Architecture Thesaurus,,library of congress name authority file,Getty Art History Information Program . Art and Architecture Thesaurus,http://id.loc.gov/authorities/names/nr96029598, 1611
555,Répertoire international de la littérature de l’art,,library of congress name authority file,Répertoire international de la littérature de l’art,http://id.loc.gov/authorities/names/n89649170, 1612
556,Architectural Drawings Advisory Group,,library of congress name authority file,Architectural Drawings Advisory Group,http://id.loc.gov/authorities/names/n94023685, 1613
557,Provenance Index of the Getty Art History Information Program,,library of congress name authority file,Provenance Index of the Getty Art History Information Program,http://id.loc.gov/authorities/names/n93024033, 1614
558,Getty Provenance Index,,library of congress name authority file,Getty Provenance Index,http://id.loc.gov/authorities/names/nr00005524, 1615
559,Census of Antique Works of Art and Architecture Known in the Renaissance (Project),,library of congress name authority file,Census of Antique Works of Art and Architecture Known in the Renaissance (Project),http://id.loc.gov/authorities/names/nr2001038001, 1616
568,Jan Baum Gallery,,library of congress name authority file,Jan Baum Gallery,http://id.loc.gov/authorities/names/no2007119576, 1617
569,Jan Baum-Iris Silverman Gallery,,library of congress name authority file,Jan Baum-Iris Silverman Gallery,http://id.loc.gov/authorities/names/n87834367, 1618
573,Getty Information Institute. Vocabulary Program,,library of congress name authority file,Getty Information Institute. Vocabulary Program,http://id.loc.gov/authorities/names/nr98003858, 1619
582,SubGenius Foundation,,library of congress name authority file,SubGenius Foundation,http://id.loc.gov/authorities/names/n83057336, 1620
589,Getty Art History Information Program. Vocabulary Coordination Group,,library of congress name authority file,Getty Art History Information Program. Vocabulary Coordination Group,http://id.loc.gov/authorities/names/nr98011381, 1621
590,"Bush House (London, England)",,,"Bush House (London, England)",http://id.loc.gov/authorities/names/no2016004082, 1622
591,Epinal American Cemetery (France),,,Epinal American Cemetery (France),http://id.loc.gov/authorities/names/no2013033065, 1623
597,Negretti and Zambra,,library of congress name authority file,Negretti and Zambra,http://id.loc.gov/authorities/names/nr88002242, 1624
599,"Smith, Beck, and Beck",,library of congress name authority file,"Smith, Beck, and Beck",http://id.loc.gov/authorities/names/n90720426, 1625
601,California Institute of the Arts,,library of congress name authority file,California Institute of the Arts,http://id.loc.gov/authorities/names/n50058861, 1626
603,Ghémar Frères,,library of congress name authority file,Ghémar Frères,http://id.loc.gov/authorities/names/no2007070950, 1627
613,Museo Vostell de Malpartida de Cáceres,,library of congress name authority file,Museo Vostell de Malpartida de Cáceres,http://id.loc.gov/authorities/names/nr91037882, 1628
625,"J. Laurent y Cia (Madrid, Spain)",,library of congress name authority file,"J. Laurent y Cia (Madrid, Spain)",http://id.loc.gov/authorities/names/no2001033606, 1629
630,Detroit Publishing Co.,,,Detroit Publishing Co.,http://id.loc.gov/authorities/names/n88031098, 1630
632,Reale Fotografia Giacomelli,,,Reale Fotografia Giacomelli,http://id.loc.gov/authorities/names/n99006510, 1631
634,Libreria Spithöver,,library of congress name authority file,Libreria Spithöver,http://id.loc.gov/authorities/names/no2008138700, 1632
640,American Academy in Rome,,library of congress name authority file,American Academy in Rome,http://id.loc.gov/authorities/names/n79032986, 1633
655,Museo nazionale di Napoli,,library of congress name authority file,Museo nazionale di Napoli,http://id.loc.gov/authorities/names/n80044961, 1634
656,Ethnikon Archaiologikon Mouseion (Greece),,library of congress name authority file,Ethnikon Archaiologikon Mouseion (Greece),http://id.loc.gov/authorities/names/n50073408, 1635
657,Galleria degli Uffizi,,library of congress name authority file,Galleria degli Uffizi,http://id.loc.gov/authorities/names/n79007196, 1636
658,Mouseio Akropolēs,,library of congress name authority file,Mouseio Akropolēs,http://id.loc.gov/authorities/names/n88275239, 1637
663,Kunsthandel P. de Boer,,library of congress name authority file,Kunsthandel P. de Boer,http://id.loc.gov/authorities/names/n88644139, 1638
666,American School of Classical Studies at Athens,,library of congress name authority file,American School of Classical Studies at Athens,http://id.loc.gov/authorities/names/n79058461, 1639
667,Bildarchiv Foto Marburg,,library of congress name authority file,Bildarchiv Foto Marburg,http://id.loc.gov/authorities/names/n86830763, 1640
669,"University of California, Los Angeles. Department of Classics",,library of congress name authority file,"University of California, Los Angeles. Department of Classics",http://id.loc.gov/authorities/names/n89602258, 1641
670,Accademia di San Luca,,library of congress name authority file,Accademia di San Luca,http://id.loc.gov/authorities/names/n93105433, 1642
671,École nationale supérieure des beaux-arts (France),,library of congress name authority file,École nationale supérieure des beaux-arts (France),http://id.loc.gov/authorities/names/n79018876, 1643
672,Victoria and Albert Museum,,library of congress name authority file,Victoria and Albert Museum,http://id.loc.gov/authorities/names/n79066252, 1644
673,Gosudarstvennyĭ Ėrmitazh (Russia),,library of congress name authority file,Gosudarstvennyĭ Ėrmitazh (Russia),http://id.loc.gov/authorities/names/n79100241, 1645
676,Congress of Racial Equality,,library of congress name authority file,Congress of Racial Equality,http://id.loc.gov/authorities/names/n80080481, 1646
677,Black Panther Party,,library of congress name authority file,Black Panther Party,http://id.loc.gov/authorities/names/n80095585, 1647
682,Armory Center for the Arts,,library of congress name authority file,Armory Center for the Arts,http://id.loc.gov/authorities/names/no95036938, 1648
683,Kölner Kunstmarkt,,,Kölner Kunstmarkt,http://id.loc.gov/authorities/names/no2012045218, 1649
684,Verein progressiver deutscher Kunsthändler,,,Verein progressiver deutscher Kunsthändler,http://id.loc.gov/authorities/names/no2012045209, 1650
685,Industrias Kaiser Argentina,,library of congress name authority file,Industrias Kaiser Argentina,http://id.loc.gov/authorities/names/no2003068189, 1651
686,Wadsworth Atheneum,,library of congress name authority file,Wadsworth Atheneum,http://id.loc.gov/authorities/names/n82118545, 1652
689,Bienal Americana de Arte,,,Bienal Americana de Arte,http://id.loc.gov/authorities/names/no2006006589, 1653
694,"Biennale di Venezia (Venice, Italy)",,library of congress name authority file,"Biennale di Venezia (Venice, Italy)",http://id.loc.gov/authorities/names/n80010259, 1654
695,"Galerie Maeght (Paris, France)",,library of congress name authority file,"Galerie Maeght (Paris, France)",http://id.loc.gov/authorities/names/n83141848, 1655
696,"Galleria nazionale d""arte moderna (Italy) ",,library of congress name authority file,"Galleria nazionale d""arte moderna (Italy) ",http://id.loc.gov/authorities/names/n80099106, 1656
702,Rhomaides frères,,library of congress name authority file,Rhomaides frères,http://id.loc.gov/authorities/names/nr2005022517, 1657
711,Cyprus. Tmēma Archaiotētōn,,library of congress name authority file,Cyprus. Tmēma Archaiotētōn,http://id.loc.gov/authorities/names/n50074766, 1658
718,Patricia Faure Gallery,,library of congress name authority file,Patricia Faure Gallery,http://id.loc.gov/authorities/names/n2001010509, 1659
722,"Pomona College (Claremont, Calif.). Museum of Art",,library of congress name authority file,"Pomona College (Claremont, Calif.). Museum of Art",http://id.loc.gov/authorities/names/no2002038399, 1660
723,Bisson frères,,library of congress name authority file,Bisson frères,http://id.loc.gov/authorities/names/n84081227, 1661
735,American Museum of Ceramic Art,,library of congress name authority file,American Museum of Ceramic Art,http://id.loc.gov/authorities/names/nr2006004458, 1662
736,American Academy of Arts and Sciences,,library of congress name authority file,American Academy of Arts and Sciences,http://id.loc.gov/authorities/names/n79082160, 1663
738,UCLA Film and Television Archive,,library of congress name authority file,UCLA Film and Television Archive,http://id.loc.gov/authorities/names/n90634767, 1664
739,Ruth Chandler Williamson Gallery,,library of congress name authority file,Ruth Chandler Williamson Gallery,http://id.loc.gov/authorities/names/n94053979, 1665
740,Soho 20 (Gallery),,library of congress name authority file,Soho 20 (Gallery),http://id.loc.gov/authorities/names/no95011062, 1666
741,"A.I.R. Gallery (New York, N.Y.)",,library of congress name authority file,"A.I.R. Gallery (New York, N.Y.)",http://id.loc.gov/authorities/names/n86856894, 1667
742,Alexander Construction Company,,library of congress name authority file,Alexander Construction Company,http://id.loc.gov/authorities/names/no2011077553, 1668
745,USC Fisher Museum of Art,,library of congress name authority file,USC Fisher Museum of Art,http://id.loc.gov/authorities/names/no2012082745, 1669
746,Los Angeles Center for Photographic Studies,,library of congress name authority file,Los Angeles Center for Photographic Studies,http://id.loc.gov/authorities/names/n81008421, 1670
748,"Japanese American National Museum (Los Angeles, Calif.)",,library of congress name authority file,"Japanese American National Museum (Los Angeles, Calif.)",http://id.loc.gov/authorities/names/n92100598, 1671
749,Otis College of Art and Design,,library of congress name authority file,Otis College of Art and Design,http://id.loc.gov/authorities/names/n94063411, 1672
750,Vincent Price Art Museum,,library of congress name authority file,Vincent Price Art Museum,http://id.loc.gov/authorities/names/no2011116647, 1673
751,Los Angeles (Calif.). Cultural Affairs Department,,library of congress name authority file,Los Angeles (Calif.). Cultural Affairs Department,http://id.loc.gov/authorities/names/n83213504, 1674
752,Los Angeles Municipal Art Gallery,,library of congress name authority file,Los Angeles Municipal Art Gallery,http://id.loc.gov/authorities/names/n81014402, 1675
753,Watts Towers Art Center,,library of congress name authority file,Watts Towers Art Center,http://id.loc.gov/authorities/names/no95023662, 1676
756,Lunn Gallery,,library of congress name authority file,Lunn Gallery,http://id.loc.gov/authorities/names/n79095487, 1677
757,Lunn Ltd,,library of congress name authority file,Lunn Ltd,http://id.loc.gov/authorities/names/nr88008170, 1678
758,Graphics International Ltd,,library of congress name authority file,Graphics International Ltd,http://id.loc.gov/authorities/names/no2014142777, 1679
765,Los Angeles Contemporary Exhibitions (Gallery),,library of congress name authority file,Los Angeles Contemporary Exhibitions (Gallery),http://id.loc.gov/authorities/names/n88033438, 1680
769,L.A. as Subject (Project),,library of congress name authority file,L.A. as Subject (Project),http://id.loc.gov/authorities/names/n99005999, 1681
771,Kypriakon Mouseion (Cyprus),,library of congress name authority file,Kypriakon Mouseion (Cyprus),http://id.loc.gov/authorities/names/n83064191, 1682
772,California African-American Museum,,library of congress name authority file,California African-American Museum,http://id.loc.gov/authorities/names/nr98005513, 1683
775,P.A.P. Kunstagentur (Firm),,library of congress name authority file,P.A.P. Kunstagentur (Firm),http://id.loc.gov/authorities/names/n78057310, 1684
776,Aktions-Analytische Organisation,,library of congress name authority file,Aktions-Analytische Organisation,http://id.loc.gov/authorities/names/n93018047, 1685
777,"Friedrichshof (Zurndorf, Austria)",,library of congress name authority file,"Friedrichshof (Zurndorf, Austria)",http://id.loc.gov/authorities/names/n87833204, 1686
778,Germany. Reichsarbeitsdienst,,library of congress name authority file,Germany. Reichsarbeitsdienst,http://id.loc.gov/authorities/names/n81009634, 1687
779,Andalusia (Spain). Consejería de Cultura,,library of congress name authority file,Andalusia (Spain). Consejería de Cultura,http://id.loc.gov/authorities/names/n83301038, 1688
783,Festival internazionale del film di Locarno,,library of congress name authority file,Festival internazionale del film di Locarno,http://id.loc.gov/authorities/names/n78055372, 1689
785,Phébus (Firm),,,Phébus (Firm),http://id.loc.gov/authorities/names/n90671112, 1690
786,"Süleymaniye Camii (Istanbul, Turkey)",,library of congress name authority file,"Süleymaniye Camii (Istanbul, Turkey)",http://id.loc.gov/authorities/names/n86034878, 1691
787,"Sultanahmet Camii (Istanbul, Turkey)",,library of congress name authority file,"Sultanahmet Camii (Istanbul, Turkey)",http://id.loc.gov/authorities/names/n92046853, 1692
788,Topkapı Sarayı Müzesi,,library of congress name authority file,Topkapı Sarayı Müzesi,http://id.loc.gov/authorities/names/n50075577, 1693
789,Dolmabahçe Sarayı,,library of congress name authority file,Dolmabahçe Sarayı,http://id.loc.gov/authorities/names/nr2001022215, 1694
795,Cathédrale de Chartres,,library of congress name authority file,Cathédrale de Chartres,http://id.loc.gov/authorities/names/n50052168, 1695
805,Biennale di Venezia,,ingest,Biennale di Venezia,http://id.loc.gov/authorities/names/n80010259, 1654
808,Bibliothèque nationale de France,,library of congress name authority file,Bibliothèque nationale de France,http://id.loc.gov/authorities/names/no95028191, 1696
809,"Institut de recherche et d""histoire des textes (France)",,library of congress name authority file,"Institut de recherche et d""histoire des textes (France)",http://id.loc.gov/authorities/names/n50070689, 1697
810,Národní muzeum v Praze. Knihovna,,library of congress name authority file,Národní muzeum v Praze. Knihovna,http://id.loc.gov/authorities/names/n80146737, 1698
811,Rossiĭskai︠a︡ akademii︠a︡ nauk. Biblioteka,,library of congress name authority file,Rossiĭskai︠a︡ akademii︠a︡ nauk. Biblioteka,http://id.loc.gov/authorities/names/n92090312, 1699
813,Umĕleckoprůmyslové muzeum v Praze,,library of congress name authority file,Umĕleckoprůmyslové muzeum v Praze,http://id.loc.gov/authorities/names/n50068448, 1700
815,Unesco,,library of congress name authority file,Unesco,http://id.loc.gov/authorities/names/n79054523, 1701
816,Organization of World Heritage Cities,,library of congress name authority file,Organization of World Heritage Cities,http://id.loc.gov/authorities/names/no2005039715, 1702
817,Gemini G.E.L. (Firm),,library of congress name authority file,Gemini G.E.L. (Firm),http://id.loc.gov/authorities/names/n50038105, 1703
819,Millers Falls Company,,library of congress name authority file,Millers Falls Company,http://id.loc.gov/authorities/names/n87119447, 1704
820,Four Seasons (Restaurant),,library of congress name authority file,Four Seasons (Restaurant),http://id.loc.gov/authorities/names/n80096080, 1705
822,"Museo del Templo Mayor (Mexico City, Mexico)",,library of congress name authority file,"Museo del Templo Mayor (Mexico City, Mexico)",http://id.loc.gov/authorities/names/n98053614, 1706
836,No Age (Musical group),,library of congress name authority file,No Age (Musical group),http://id.loc.gov/authorities/names/no2008092168, 1707
865,Wurdeman and Becket,,library of congress name authority file,Wurdeman and Becket,http://id.loc.gov/authorities/names/no2009044977, 1708
866,Welton Becket and Associates,,library of congress name authority file,Welton Becket and Associates,http://id.loc.gov/authorities/names/n89669359, 1709
876,"Kākh-i Gulistān (Tehran, Iran)",,library of congress name authority file,"Kākh-i Gulistān (Tehran, Iran)",http://id.loc.gov/authorities/names/n98039258, 1710
878,American Federation of Arts,,ulan,American Federation of Arts,http://id.loc.gov/authorities/names/n78096867, 1711
882,Kunst.Halle.Krems,,library of congress name authority file,Kunst.Halle.Krems,http://id.loc.gov/authorities/names/nr93041931, 1712
883,Fotomuseum Winterthur,,library of congress name authority file,Fotomuseum Winterthur,http://id.loc.gov/authorities/names/n94040620, 1713
886,KPMG LLP (U.S.),,library of congress name authority file,KPMG LLP (U.S.),http://id.loc.gov/authorities/names/no2013075387, 1714
891,Fondazione Memmo (Italy),,library of congress name authority file,Fondazione Memmo (Italy),http://id.loc.gov/authorities/names/n93069020, 1715
895,Royal Academy of Arts (Great Britain),,library of congress name authority file,Royal Academy of Arts (Great Britain),http://id.loc.gov/authorities/names/n80032672, 1716
896,"Kitchen Center for Video, Music, Dance, Performance, Film, and Literature (New York, N.Y.)",,ingest,"Kitchen Center for Video, Music, Dance, Performance, Film, and Literature (New York, N.Y.)",http://id.loc.gov/authorities/names/n93104099, 1717
899,Cotsen Foundation,,library of congress name authority file,Cotsen Foundation,http://id.loc.gov/authorities/names/no2013064707, 1718
900,"White Studio (New York, N.Y.)",,library of congress name authority file,"White Studio (New York, N.Y.)",http://id.loc.gov/authorities/names/nr99037386, 1719
901,Baker’s Art Gallery,,library of congress name authority file,Baker’s Art Gallery,http://id.loc.gov/authorities/names/no2009037604, 1720
902,Elite (Photographic firm),,library of congress name authority file,Elite (Photographic firm),http://id.loc.gov/authorities/names/no2008169617, 1721
903,"Apeda Studio (New York, N.Y.)",,library of congress name authority file,"Apeda Studio (New York, N.Y.)",http://id.loc.gov/authorities/names/nr99038062, 1722
906,Academia Imperial das Bellas Artes (Brazil),,library of congress name authority file,Academia Imperial das Bellas Artes (Brazil),http://id.loc.gov/authorities/names/n84039891, 1723
917,Academia Imperial das Bellas Artes (Brazil),,library of congress name authority file,Academia Imperial das Bellas Artes (Brazil),http://id.loc.gov/authorities/names/n84039891, 1723
924,Duveen Brothers,,lcnaf,Duveen Brothers,http://id.loc.gov/authorities/names/nr97027536, 1405
929,Thos. Agnew and Sons Ltd.,,lcnaf,Thos. Agnew and Sons Ltd.,http://id.loc.gov/authorities/names/n78013823, 1408
930,"F. Kleinberger Galleries (New York, N.Y.)",,lcnaf,"F. Kleinberger Galleries (New York, N.Y.)",http://id.loc.gov/authorities/names/n2006165845, 1406
931,"Wildenstein and Company (New York, N.Y.)",,lcnaf,"Wildenstein and Company (New York, N.Y.)",http://id.loc.gov/authorities/names/n50052707, 1407
937,Overseas Missionary Fellowship,,lcnaf,Overseas Missionary Fellowship,http://id.loc.gov/authorities/names/n50082466, 1724
938,"Tian Tan (Beijing, China)",,lcnaf,"Tian Tan (Beijing, China)",http://id.loc.gov/authorities/names/no97025429, 1725
940,United States. National Park Service,n 79022809,library of congress name authority file,United States. National Park Service,http://id.loc.gov/authorities/names/n79022809, 1726
953,Dépôt de la guerre (France),,library of congress name authority file,Dépôt de la guerre (France),http://id.loc.gov/authorities/names/n50070527, 1727
954,Malo frères,,library of congress name authority file,Malo frères,http://id.loc.gov/authorities/names/no2014136124, 1728
1007,Verlag Das Beste GmbH,,lcnaf,Verlag Das Beste GmbH,http://id.loc.gov/authorities/names/n50074892, 1602
1008,Stuttgarter Kunstkabinett,,lcnaf,Stuttgarter Kunstkabinett,http://id.loc.gov/authorities/names/nr90011094, 1601
1010,Kunsthaus Lempertz,,lcnaf,Kunsthaus Lempertz,http://id.loc.gov/authorities/names/n82058500, 1600
1012,Ernst Barlach Gesellschaft,,lcnaf,Ernst Barlach Gesellschaft,http://id.loc.gov/authorities/names/n82203853, 1603
1013,Galerie Fischer,,lcnaf,Galerie Fischer,http://id.loc.gov/authorities/names/n83227232, 1604
1014,Einsatzstab Reichsleiter Rosenberg für die Besetzten Gebiete,,lcnaf,Einsatzstab Reichsleiter Rosenberg für die Besetzten Gebiete,http://id.loc.gov/authorities/names/n95112083, 1599
1015,Deutscher Werkbund,,lcnaf,Deutscher Werkbund,http://id.loc.gov/authorities/names/n50065876, 1410
1016,Kunstarchiv Arntz,,lcnaf,Kunstarchiv Arntz,http://id.loc.gov/authorities/names/n81046530, 1610
1024,California Institute of the Arts,,lcnaf,California Institute of the Arts,http://id.loc.gov/authorities/names/n50058861, 1626
1025,Henry E. Huntington Library and Art Gallery,,lcnaf,Henry E. Huntington Library and Art Gallery,http://id.loc.gov/authorities/names/n79049138, 1372
1026,Vincent Price Art Museum,,lcnaf,Vincent Price Art Museum,http://id.loc.gov/authorities/names/no2011116647, 1673
1027,USC Fisher Museum of Art,,lcnaf,USC Fisher Museum of Art,http://id.loc.gov/authorities/names/no2012082745, 1669
1028,California African-American Museum,,lcnaf,California African-American Museum,http://id.loc.gov/authorities/names/nr98005513, 1683
1029,UCLA Film and Television Archive,,lcnaf,UCLA Film and Television Archive,http://id.loc.gov/authorities/names/n90634767, 1664
1030,Los Angeles County Museum of Art,,lcnaf,Los Angeles County Museum of Art,http://id.loc.gov/authorities/names/n78097041, 1455
1032,Los Angeles Contemporary Exhibitions (Gallery),,lcnaf,Los Angeles Contemporary Exhibitions (Gallery),http://id.loc.gov/authorities/names/n88033438, 1680
1033,Ruth Chandler Williamson Gallery,,lcnaf,Ruth Chandler Williamson Gallery,http://id.loc.gov/authorities/names/n94053979, 1665
1034,Los Angeles (Calif.). Cultural Affairs Department,,lcnaf,Los Angeles (Calif.). Cultural Affairs Department,http://id.loc.gov/authorities/names/n83213504, 1674
1035,Armand Hammer Museum of Art and Cultural Center,,lcnaf,Armand Hammer Museum of Art and Cultural Center,http://id.loc.gov/authorities/names/nr91027284, 1452
1036,Armory Center for the Arts,,lcnaf,Armory Center for the Arts,http://id.loc.gov/authorities/names/no95036938, 1648
1037,"Japanese American National Museum (Los Angeles, Calif.)",,lcnaf,"Japanese American National Museum (Los Angeles, Calif.)",http://id.loc.gov/authorities/names/n92100598, 1671
1038,American Museum of Ceramic Art,,lcnaf,American Museum of Ceramic Art,http://id.loc.gov/authorities/names/nr2006004458, 1662
1039,Otis College of Art and Design,,lcnaf,Otis College of Art and Design,http://id.loc.gov/authorities/names/n94063411, 1672
1041,Orange County Museum of Art (Calif.),,lcnaf,Orange County Museum of Art (Calif.),http://id.loc.gov/authorities/names/n96103513, 1729
1043,"Pomona College (Claremont, Calif.). Museum of Art",,lcnaf,"Pomona College (Claremont, Calif.). Museum of Art",http://id.loc.gov/authorities/names/no2002038399, 1660
1064,Phébus (Firm),,ingest,Phébus (Firm),http://id.loc.gov/authorities/names/n90671112, 1690
1067,Apollon (Firm),,library of congress name authority file,Apollon (Firm),http://id.loc.gov/authorities/names/no2010101417, 1429
1068,"Sultanahmet Camii (Istanbul, Turkey)",,library of congress name authority file,"Sultanahmet Camii (Istanbul, Turkey)",http://id.loc.gov/authorities/names/n92046853, 1692
1069,Dolmabahçe Sarayı,,library of congress name authority file,Dolmabahçe Sarayı,http://id.loc.gov/authorities/names/nr2001022215, 1694
1070,"Süleymaniye Camii (Istanbul, Turkey)",,library of congress name authority file,"Süleymaniye Camii (Istanbul, Turkey)",http://id.loc.gov/authorities/names/n86034878, 1691
1072,Topkapı Sarayı Müzesi,,library of congress name authority file,Topkapı Sarayı Müzesi,http://id.loc.gov/authorities/names/n50075577, 1693
1073,Ayasofya Müzesi,,library of congress name authority file,Ayasofya Müzesi,http://id.loc.gov/authorities/names/n79058868, 1414
1076,"GAP, Inc.",,lcnaf,"GAP, Inc.",http://id.loc.gov/authorities/names/nr99016044, 1730
1077,Nazraeli Press,,lcnaf,Nazraeli Press,http://id.loc.gov/authorities/names/no94014082, 1731
764,Patrick Painter Inc,,naf,Patrick Painter Inc,http://id.loc.gov/authorities/names/nr2006023162, 1733
60,London Stereoscopic Company,,library of congress name authority file,London Stereoscopic Company,http://id.loc.gov/authorities/names/nr2002040024, 1734
98,"Exposition universelle internationale de 1900 (Paris, France)",,library of congress name authority file,"Exposition universelle internationale de 1900 (Paris, France)",http://id.loc.gov/authorities/names/n50054651, 1735
825,Exposition universelle de 1867 à Paris,,library of congress name authority file,Exposition universelle de 1867 à Paris,http://id.loc.gov/authorities/names/n85268098, 1736
838,Exposition universelle de Paris en 1855,,library of congress name authority file,Exposition universelle de Paris en 1855,http://id.loc.gov/authorities/names/n87127469, 1737
847,American Stereoscopic Company,,library of congress name authority file,American Stereoscopic Company,http://id.loc.gov/authorities/names/n80058665, 1738
849, H.C. White Co.,,library of congress name authority file, H.C. White Co.,http://id.loc.gov/authorities/names/n91121137, 1739
851,Stereo-Travel Co.,,library of congress name authority file,Stereo-Travel Co.,http://id.loc.gov/authorities/names/n2006012808, 1740
852,Universal Photo Art Co.,,library of congress name authority file,Universal Photo Art Co.,http://id.loc.gov/authorities/names/n2006012797, 1741
853,Universal Stereoscopic View Co.,,library of congress name authority file,Universal Stereoscopic View Co.,http://id.loc.gov/authorities/names/no2010029767, 1742
855,Léon et Lévy,,library of congress name authority file,Léon et Lévy,http://id.loc.gov/authorities/names/no2014082115, 1743
858,B.W. Kilburn Company,,library of congress name authority file,B.W. Kilburn Company,http://id.loc.gov/authorities/names/n93054435, 1744
1055,Poetry Society of America,,library of congress name authority file,Poetry Society of America,http://id.loc.gov/authorities/names/n50065387, 1745
1056,Los Angeles County Metropolitan Transportation Authority,,library of congress name authority file,Los Angeles County Metropolitan Transportation Authority,http://id.loc.gov/authorities/names/no96066249, 1746
1057,Santa Monica (Calif.). Arts Commission,,library of congress name authority file,Santa Monica (Calif.). Arts Commission,http://id.loc.gov/authorities/names/no92017293, 1747
1058,Occidental College,,library of congress name authority file,Occidental College,http://id.loc.gov/authorities/names/n50045518, 1748
1059,Friends of the Los Angeles River,,library of congress name authority file,Friends of the Los Angeles River,http://id.loc.gov/authorities/names/n2009044671, 1749
792,Naropa Institute,,library of congress name authority file,Naropa Institute,http://id.loc.gov/authorities/names/n80094106, 1750
1060,Beyond Baroque Literary Arts Center,,library of congress name authority file,Beyond Baroque Literary Arts Center,http://id.loc.gov/authorities/names/no98081502, 1751
1075,"Kitchen Center for Video, Music, Dance, Performance, Film, and Literature (New York, N.Y.)",,ingest,"Kitchen Center for Video, Music, Dance, Performance, Film, and Literature (New York, N.Y.)",http://id.loc.gov/authorities/names/n93104099, 1717
197,Copley Galleries,,library of congress name authority file,Copley Galleries,http://id.loc.gov/authorities/names/nr98017343, 1752
198,"Galleria del naviglio (Milan, Italy)",,library of congress name authority file,"Galleria del naviglio (Milan, Italy)",http://id.loc.gov/authorities/names/n96013143, 1753
199,Loudmer-Poulain (Firm),,library of congress name authority file,Loudmer-Poulain (Firm),http://id.loc.gov/authorities/names/nr2002042114, 1754
200,Hôtel Drouot,,library of congress name authority file,Hôtel Drouot,http://id.loc.gov/authorities/names/n82203863, 1755
201,Mannheimer Kunstverein,,library of congress name authority file,Mannheimer Kunstverein,http://id.loc.gov/authorities/names/n82089340, 1756
63,International Design Conference in Aspen,,library of congress name authority file,International Design Conference in Aspen,http://id.loc.gov/authorities/names/n80160740, 1757
806,Städtisches Moritzburg-Museum.,,ingest,Städtisches Moritzburg-Museum.,http://id.loc.gov/authorities/names/n82081837, 1758
807,National-Galerie (Germany).,,ingest,National-Galerie (Germany).,http://id.loc.gov/authorities/names/n50041223, 1759
353,"Hollyhock House (Hollywood, Los Angeles, Calif.)",,library of congress name authority file,"Hollyhock House (Hollywood, Los Angeles, Calif.)",http://id.loc.gov/authorities/names/n92031232, 1760
360,Solomon R. Guggenheim Museum,,library of congress name authority file,Solomon R. Guggenheim Museum,http://id.loc.gov/authorities/names/n79065486, 1761
369,Angels Flight (Railway),,library of congress name authority file,Angels Flight (Railway),http://id.loc.gov/authorities/names/n98039971, 1762
370,"California Club (Los Angeles, Calif.)",,library of congress name authority file,"California Club (Los Angeles, Calif.)",http://id.loc.gov/authorities/names/nr2004004238, 1763
372,"Bullock""s Wilshire (Department store)",,library of congress name authority file,"Bullock""s Wilshire (Department store)",http://id.loc.gov/authorities/names/n96059689, 1764
373,"Chinese Theatre (Los Angeles, Calif.)",,library of congress name authority file,"Chinese Theatre (Los Angeles, Calif.)",http://id.loc.gov/authorities/names/n93117147, 1765
375,Los Angeles (Calif.). Department of Water and Power,,library of congress name authority file,Los Angeles (Calif.). Department of Water and Power,http://id.loc.gov/authorities/names/n79063867, 1766
376,"Racquet Club (Palm Springs, Calif.)",,library of congress name authority file,"Racquet Club (Palm Springs, Calif.)",http://id.loc.gov/authorities/names/n85130465, 1767
377,Palm Springs Desert Museum,,library of congress name authority file,Palm Springs Desert Museum,http://id.loc.gov/authorities/names/n80032166, 1768
378,Beverly Hills Hotel,,library of congress name authority file,Beverly Hills Hotel,http://id.loc.gov/authorities/names/n78056745, 1769
382,"Freeman House (Hollywood, Los Angeles, Calif.)",,library of congress name authority file,"Freeman House (Hollywood, Los Angeles, Calif.)",http://id.loc.gov/authorities/names/no96047750, 1770
383,Museo Rufino Tamayo,,library of congress name authority file,Museo Rufino Tamayo,http://id.loc.gov/authorities/names/n83217195, 1771
384,Albert C. Martin and Associates,,library of congress name authority file,Albert C. Martin and Associates,http://id.loc.gov/authorities/names/n88633344, 1772
397,"Wurster, Bernardi, and Emmons",,library of congress name authority file,"Wurster, Bernardi, and Emmons",http://id.loc.gov/authorities/names/n82088077, 1773
870,"Case Study House No. 9 (Los Angeles, Calif.)",,ingest,"Case Study House No. 9 (Los Angeles, Calif.)",http://id.loc.gov/authorities/names/n98030235, 1545
871,"Wayfarers Chapel (Rancho Palos Verdes, Calif.)",,ingest,"Wayfarers Chapel (Rancho Palos Verdes, Calif.)",http://id.loc.gov/authorities/names/n96056944, 1542
872,Williams and Williams.,,ingest,Williams and Williams.,http://id.loc.gov/authorities/names/no2008160670, 1546
593,Courret Hermanos,,library of congress name authority file,Courret Hermanos,http://id.loc.gov/authorities/names/nr2006007817, 1774
830,Catedral de Arequipa,,library of congress name authority file,Catedral de Arequipa,http://id.loc.gov/authorities/names/nb2007024961, 1775
831,Catedral de Lima,,library of congress name authority file,Catedral de Lima,http://id.loc.gov/authorities/names/n88675416, 1776
1215,"Long hua si (Shanghai, China)",,lcnaf,"Long hua si (Shanghai, China)",http://id.loc.gov/authorities/names/nr92033908, 1777
1221,Getty Foundation,,library of congress name authority file,Getty Foundation,http://id.loc.gov/authorities/names/nr2006020600, 1778
517,J. Paul Getty Museum. Publications,,,J. Paul Getty Museum. Publications,http://id.loc.gov/authorities/names/no2005051562, 1779
459,J. Paul Getty Museum. Department of Manuscripts,,library of congress name authority file,J. Paul Getty Museum. Department of Manuscripts,http://id.loc.gov/authorities/names/n91104177, 1780
72,"University of California, Los Angeles",,library of congress name authority file,"University of California, Los Angeles",http://id.loc.gov/authorities/names/n79046090, 1781
440,Karl-Ernst-Osthaus-Museum,,library of congress name authority file,Karl-Ernst-Osthaus-Museum,http://id.loc.gov/authorities/names/n50053116, 1782
441,"Hamilton College (Clinton, N.Y.)",,library of congress name authority file,"Hamilton College (Clinton, N.Y.)",http://id.loc.gov/authorities/names/n50057136, 1783
716,Orange County Museum of Art (Calif.),,library of congress name authority file,Orange County Museum of Art (Calif.),http://id.loc.gov/authorities/names/n96103513, 1729
714,Rugby School,,library of congress name authority file,Rugby School,http://id.loc.gov/authorities/names/n86053853, 1784
22,Getty Research Institute. Research Library,,library of congress name authority file,Getty Research Institute. Research Library,http://id.loc.gov/authorities/names/nr00005506, 1785
349,Artists Space (Gallery),,library of congress name authority file,Artists Space (Gallery),http://id.loc.gov/authorities/names/n86855422, 1786
350,National Endowment for the Arts,,library of congress name authority file,National Endowment for the Arts,http://id.loc.gov/authorities/names/n79006752, 1787
351,Marie Walsh Sharpe Art Foundation,,library of congress name authority file,Marie Walsh Sharpe Art Foundation,http://id.loc.gov/authorities/names/n93024248, 1788
532,Carlhian (Firm),,library of congress name authority file,Carlhian (Firm),http://id.loc.gov/authorities/names/n96114782, 1789
850,Keystone View Company,,library of congress name authority file,Keystone View Company,http://id.loc.gov/authorities/names/n82029025, 1790
1066,Abdullah frères,,library of congress name authority file,Abdullah frères,http://id.loc.gov/authorities/names/no98113334, 1428
580,"Ferus Gallery (Los Angeles, Calif.)",,library of congress name authority file,"Ferus Gallery (Los Angeles, Calif.)",http://id.loc.gov/authorities/names/no2008184682, 1791
1086,"Maison Bonfils (Beirut, Lebanon)",,lcnaf,"Maison Bonfils (Beirut, Lebanon)",http://id.loc.gov/authorities/names/n86870143, 1792
1232,Rugby School,,library of congress name authority file,Rugby School,http://id.loc.gov/authorities/names/n86053853, 1784
341,"Black Mountain College (Black Mountain, N.C.)",,library of congress name authority file,"Black Mountain College (Black Mountain, N.C.)",http://id.loc.gov/authorities/names/n85350815, 1793
342,Haystack Mountain School of Crafts,,library of congress name authority file,Haystack Mountain School of Crafts,http://id.loc.gov/authorities/names/n81091139, 1794
715,"Museum of Contemporary Art (Los Angeles, Calif.) ",,library of congress name authority file,"Museum of Contemporary Art (Los Angeles, Calif.) ",http://id.loc.gov/authorities/names/n83206447, 1795
343,C.G. Jung Foundation for Analytical Psychology,,library of congress name authority file,C.G. Jung Foundation for Analytical Psychology,http://id.loc.gov/authorities/names/n50062107, 1796
512,J. Paul Getty Museum. Department of Photographs,,library of congress name authority file,J. Paul Getty Museum. Department of Photographs,http://id.loc.gov/authorities/names/nr95042435, 1797
1226, France. Armée. Armée d’Afrique,,lcnaf, France. Armée. Armée d’Afrique,http://id.loc.gov/authorities/names/n90670056, 1798
1227,Muséum national d’histoire naturelle (France),,lcnaf,Muséum national d’histoire naturelle (France),http://id.loc.gov/authorities/names/n80097456, 1799
1228,American Baptist Mission Press (Burma),,lcnaf,American Baptist Mission Press (Burma),http://id.loc.gov/authorities/names/nr99021029, 1800
660,"Douwes Fine Art Gallery (London, England)",,library of congress name authority file,"Douwes Fine Art Gallery (London, England)",http://id.loc.gov/authorities/names/n86806299, 1801
662,David Koetser Gallery,,library of congress name authority file,David Koetser Gallery,http://id.loc.gov/authorities/names/nr93043728, 1802
514,"Hollywood Bowl (Los Angeles, Calif.)",,library of congress name authority file,"Hollywood Bowl (Los Angeles, Calif.)",http://id.loc.gov/authorities/names/n92080187, 1803
1052,Festival internazionale del film di Locarno,,library of congress name authority file,Festival internazionale del film di Locarno,http://id.loc.gov/authorities/names/n78055372, 1689
692,Pacific Standard Time (Project),,local,Pacific Standard Time (Project),http://id.loc.gov/authorities/names/no2011154830, 1804
1053,Biennale di Venezia,,ingest,Biennale di Venezia,http://id.loc.gov/authorities/names/n80010259, 1654
1054,"Biennale di Venezia (Venice, Italy)",,library of congress name authority file,"Biennale di Venezia (Venice, Italy)",http://id.loc.gov/authorities/names/n80010259, 1654
54,Neurdein frères,,library of congress name authority file,Neurdein frères,http://id.loc.gov/authorities/names/no98092198, 1805
595,Fratelli Alinari,,library of congress name authority file,Fratelli Alinari,http://id.loc.gov/authorities/names/n79112301, 1806
927,Getty Conservation Institute,,library of congress name authority file,Getty Conservation Institute,http://id.loc.gov/authorities/names/n85199077, 1807
236,Coum Transmissions (Musical group) ,,library of congress name authority file,Coum Transmissions (Musical group) ,http://id.loc.gov/authorities/names/no2004077744, 1808
237,Franklin Furnace (Archive),,library of congress name authority file,Franklin Furnace (Archive),http://id.loc.gov/authorities/names/n82156010, 1809
238,Institute for Art and Urban Resources,,library of congress name authority file,Institute for Art and Urban Resources,http://id.loc.gov/authorities/names/n83009339, 1810
239,"Kitchen Center for Video, Music, Dance, Performance, Film, and Literature (New York, N.Y.) ",,library of congress name authority file,"Kitchen Center for Video, Music, Dance, Performance, Film, and Literature (New York, N.Y.) ",http://id.loc.gov/authorities/names/n93104099, 1717
240,Leo Castelli Gallery,,library of congress name authority file,Leo Castelli Gallery,http://id.loc.gov/authorities/names/n50074445, 1811
932,Getty Research Institute. Research Library,,lcnaf,Getty Research Institute. Research Library,http://id.loc.gov/authorities/names/nr00005506, 1785
578,Getty Conservation Institute. Scientific Program,,,Getty Conservation Institute. Scientific Program,http://id.loc.gov/authorities/names/no97059071, 1812
743,"Dwan Gallery (New York, N.Y.)",,library of congress name authority file,"Dwan Gallery (New York, N.Y.)",http://id.loc.gov/authorities/names/nr99025808, 1813
744,"Dwan Gallery (Los Angeles, Calif.)",,library of congress name authority file,"Dwan Gallery (Los Angeles, Calif.)",http://id.loc.gov/authorities/names/no99078009, 1814
1238,Los Angeles County Economic Development Corporation,98108890,library of congress name authority file,Los Angeles County Economic Development Corporation,http://id.loc.gov/authorities/names/no00092575, 1815
1247,"Ruwanweliseya (Anuradhapura, Sri Lanka)",,lcnaf,"Ruwanweliseya (Anuradhapura, Sri Lanka)",http://id.loc.gov/authorities/names/n2006036000, 1816
536,J. Paul Getty Museum. Education Department,,library of congress name authority file,J. Paul Getty Museum. Education Department,http://id.loc.gov/authorities/names/n2012071732, 1817
762,Knoedler Kasmin Limited,,library of congress name authority file,Knoedler Kasmin Limited,http://id.loc.gov/authorities/names/no2010099682, 1818
1003,Kasmin Limited,,ingest,Kasmin Limited,http://id.loc.gov/authorities/names/no2012098570, 1473
202,Sidney Janis Gallery,,library of congress name authority file,Sidney Janis Gallery,http://id.loc.gov/authorities/names/n80097579, 1819
833,Reuben Gallery,,library of congress name authority file,Reuben Gallery,http://id.loc.gov/authorities/names/no2002037867, 1820
1022,Getty Foundation,,lcnaf,Getty Foundation,http://id.loc.gov/authorities/names/nr2006020600, 1778
1023,Pacific Standard Time (Project),,local,Pacific Standard Time (Project),http://id.loc.gov/authorities/names/no2011154830, 1804
1261,"Douwes Fine Art Gallery (London, England)",,lcnaf,"Douwes Fine Art Gallery (London, England)",http://id.loc.gov/authorities/names/n86806299, 1801
1262,David Koetser Gallery,,lcnaf,David Koetser Gallery,http://id.loc.gov/authorities/names/nr93043728, 1802
1269,Museum Folkwang Essen,,lcnaf,Museum Folkwang Essen,http://id.loc.gov/authorities/names/n50065358, 1524
1271,Van Diemen-Lilienfeld Galleries,,lcnaf,Van Diemen-Lilienfeld Galleries,http://id.loc.gov/authorities/names/nr00013758, 1821
1272,Kunstmuseum Bern,,lcnaf,Kunstmuseum Bern,http://id.loc.gov/authorities/names/n50065150, 1822
1274,Graphische Sammlung Albertina,,lcnaf,Graphische Sammlung Albertina,http://id.loc.gov/authorities/names/n50055585, 1823
1240,Coracle Press,,lcnaf,Coracle Press,http://id.loc.gov/authorities/names/n86014930, 1824
1241,Franklin Furnace (Archive),,lcnaf,Franklin Furnace (Archive),http://id.loc.gov/authorities/names/n82156010, 1809
1242,Coum Transmissions (Musical group),,lcnaf,Coum Transmissions (Musical group),http://id.loc.gov/authorities/names/no2004077744, 1808
1243,Institute for Art and Urban Resources,,lcnaf,Institute for Art and Urban Resources,http://id.loc.gov/authorities/names/n83009339, 1810
571,Svenska Cypernexpeditionen (1927-1931),,library of congress name authority file,Svenska Cypernexpeditionen (1927-1931),http://id.loc.gov/authorities/names/no2003010957, 1825
1244,Leo Castelli Gallery,,lcnaf,Leo Castelli Gallery,http://id.loc.gov/authorities/names/n50074445, 1811
1248,Experiments in Art and Technology (Organization),,lcnaf,Experiments in Art and Technology (Organization),http://id.loc.gov/authorities/names/n78007583, 1826
1250,"Expo ""70 (Osaka, Japan)",,lcnaf,"Expo ""70 (Osaka, Japan)",http://id.loc.gov/authorities/names/n50077231, 1827
1276,Leo Castelli Gallery,,library of congress name authority file,Leo Castelli Gallery,http://id.loc.gov/authorities/names/n50074445, 1811
184,"Metropolitan Museum of Art (New York, N.Y.)",,library of congress name authority file,"Metropolitan Museum of Art (New York, N.Y.)",http://id.loc.gov/authorities/names/n79129629, 1828
490,Columbia University,,library of congress name authority file,Columbia University,http://id.loc.gov/authorities/names/n81024714, 1829
510,Pratt Institute,,library of congress name authority file,Pratt Institute,http://id.loc.gov/authorities/names/n50022857, 1830
704,"Program for Art on Film (New York, N.Y.)",,ingest,"Program for Art on Film (New York, N.Y.)",http://id.loc.gov/authorities/names/n90724007, 1831
457,International Council of Monuments and Sites,,library of congress name authority file,International Council of Monuments and Sites,http://id.loc.gov/authorities/names/n80115554, 1832
458,International Committee of Architectural Photogrammetry,,library of congress name authority file,International Committee of Architectural Photogrammetry,http://id.loc.gov/authorities/names/n87832204, 1833
509,"Program for Art on Film (New York, N.Y.)",,library of congress name authority file,"Program for Art on Film (New York, N.Y.)",http://id.loc.gov/authorities/names/n90724007, 1831
665,Rheinisches Bildarchiv,,library of congress name authority file,Rheinisches Bildarchiv,http://id.loc.gov/authorities/names/n83236259, 1834
1019,Getty Research Institute,,lcnaf,Getty Research Institute,http://id.loc.gov/authorities/names/n00000345, 1835
1278,Rheinisches Bildarchiv,,lcnaf,Rheinisches Bildarchiv,http://id.loc.gov/authorities/names/n83236259, 1834
235,Coracle Press,,library of congress name authority file,Coracle Press,http://id.loc.gov/authorities/names/n86014930, 1824
545,Tarasque Press,,library of congress name authority file,Tarasque Press,http://id.loc.gov/authorities/names/n86015775, 1836
547,Victoria Miro Gallery,,library of congress name authority file,Victoria Miro Gallery,http://id.loc.gov/authorities/names/n85312142, 1837
600,Martha Jackson Gallery,,library of congress name authority file,Martha Jackson Gallery,http://id.loc.gov/authorities/names/n85071016, 1838
690,Lapis Press,,library of congress name authority file,Lapis Press,http://id.loc.gov/authorities/names/no2003055906, 1839
860,"Galerie J (Paris, France)",,lcnaf,"Galerie J (Paris, France)",http://id.loc.gov/authorities/names/no2014039012,1840
3,Getty Conservation Institute,,local,Getty Conservation Institute,http://id.loc.gov/authorities/names/n85199077,1807
448,J. Paul Getty Museum. Department of Antiquities,,library of congress name authority file,J. Paul Getty Museum. Department of Antiquities,http://id.loc.gov/authorities/names/n90660149,1841
646,Getty Oil Company,,local,Getty Oil Company,http://id.loc.gov/authorities/names/n84001180,1842
678,Gallery 669,,library of congress name authority file,Gallery 669,http://id.loc.gov/authorities/names/no2011041945,1843
679,Mizuno Gallery,,library of congress name authority file,Mizuno Gallery,http://id.loc.gov/authorities/names/no2011041929,1844
1339,"Woman""s Building (Los Angeles, Calif.)",,naf,"Woman""s Building (Los Angeles, Calif.)",http://id.loc.gov/authorities/names/n84184746,1605
798,New York Times Company,,library of congress name authority file,New York Times Company,http://id.loc.gov/authorities/names/n81050013,1845
799,Wall Street Journal (Firm),,library of congress name authority file,Wall Street Journal (Firm),http://id.loc.gov/authorities/names/n79097650,1846
13,"Machado and Silvetti Associates, Inc",,library of congress name authority file,"Machado and Silvetti Associates, Inc",http://id.loc.gov/authorities/names/no96055393,1847
5,Getty Conservation Institute,,library of congress name authority file,Getty Conservation Institute,http://id.loc.gov/authorities/names/n85199077,1807
6,Getty Center for the History of Art and the Humanities,,library of congress name authority file,Getty Center for the History of Art and the Humanities,http://id.loc.gov/authorities/names/nr95017677,1848
7,J. Paul Getty Trust,,library of congress name authority file,J. Paul Getty Trust,http://id.loc.gov/authorities/names/n85059259,1849
8,Getty Information Institute,,library of congress name authority file,Getty Information Institute,http://id.loc.gov/authorities/names/nr96031770,1850
10,Getty Research Institute,,library of congress name authority file,Getty Research Institute,http://id.loc.gov/authorities/names/n00000345,1835
14,Getty Foundation,,library of congress name authority file,Getty Foundation,http://id.loc.gov/authorities/names/nr2006020600,1778
15,Getty Education Institute for the Arts,,library of congress name authority file,Getty Education Institute for the Arts,http://id.loc.gov/authorities/names/nr96031768,1851
479,Getty Center for Education in the Arts,,library of congress name authority file,Getty Center for Education in the Arts,http://id.loc.gov/authorities/names/n85121478,1852
480,Getty Art History Information Program,,library of congress name authority file,Getty Art History Information Program,http://id.loc.gov/authorities/names/n85271479,1853
566,Getty Research Institute for the History of Art and the Humanities,,library of congress name authority file,Getty Research Institute for the History of Art and the Humanities,http://id.loc.gov/authorities/names/n96077355,1854
828,J. Paul Getty Trust. Public Affairs Department,,ingest,J. Paul Getty Trust. Public Affairs Department,http://id.loc.gov/authorities/names/no99013933,1597
705,"Housing Authority of the City of Los Angeles, California",,library of congress name authority file,"Housing Authority of the City of Los Angeles, California",http://id.loc.gov/authorities/names/no90009604,1855
407,Detroit Institute of Arts,,library of congress name authority file,Detroit Institute of Arts,http://id.loc.gov/authorities/names/n79045542,1856
411,Toledo Museum of Art,,library of congress name authority file,Toledo Museum of Art,http://id.loc.gov/authorities/names/n79046209,1857
724,Julius Böhler (Firm),,library of congress name authority file,Julius Böhler (Firm),http://id.loc.gov/authorities/names/n88114111,1858
725,Stichting Nederlands Kunstbezit,,library of congress name authority file,Stichting Nederlands Kunstbezit,http://id.loc.gov/authorities/names/n2003003296,1859
726,Smith College. Museum of Art,,library of congress name authority file,Smith College. Museum of Art,http://id.loc.gov/authorities/names/n80082291,1860
727,"Cranbrook School (Bloomfield Hills, Mich.) ",,,"Cranbrook School (Bloomfield Hills, Mich.) ",http://id.loc.gov/authorities/names/n2016053664,1861
728,Allen Memorial Art Museum,,library of congress name authority file,Allen Memorial Art Museum,http://id.loc.gov/authorities/names/n79092629,1862
730,G. Cramer Oude Kunst,,,G. Cramer Oude Kunst,http://id.loc.gov/authorities/names/no2012130227,1863
138,Experiments in Art and Technology (Organization),,library of congress name authority file,Experiments in Art and Technology (Organization),http://id.loc.gov/authorities/names/n78007583,1826
139,"Expo ""70 (Osaka, Japan)",,library of congress name authority file,"Expo ""70 (Osaka, Japan)",http://id.loc.gov/authorities/names/n50077231,1827
4,J. Paul Getty Museum,,library of congress name authority file,J. Paul Getty Museum,http://id.loc.gov/authorities/names/n79046211,1864
